#
# There is insufficient memory for the Java Runtime Environment to continue.
# Native memory allocation (malloc) failed to allocate 1672016 bytes for Chunk::new
# Possible reasons:
#   The system is out of physical RAM or swap space
#   The process is running with CompressedOops enabled, and the Java Heap may be blocking the growth of the native heap
# Possible solutions:
#   Reduce memory load on the system
#   Increase physical memory or swap space
#   Check if swap backing store is full
#   Decrease Java heap size (-Xmx/-Xms)
#   Decrease number of Java threads
#   Decrease Java thread stack sizes (-Xss)
#   Set larger code cache with -XX:ReservedCodeCacheSize=
#   JVM is running with Unscaled Compressed Oops mode in which the Java heap is
#     placed in the first 4GB address space. The Java Heap base address is the
#     maximum limit for the native heap growth. Please use -XX:HeapBaseMinAddress
#     to set the Java Heap base and to place the Java Heap above 4GB virtual address.
# This output file may be truncated or incomplete.
#
#  Out of Memory Error (arena.cpp:189), pid=11804, tid=21884
#
# JRE version: Java(TM) SE Runtime Environment (17.0.12+8) (build 17.0.12+8-LTS-286)
# Java VM: Java HotSpot(TM) 64-Bit Server VM (17.0.12+8-LTS-286, mixed mode, sharing, tiered, compressed oops, compressed class ptrs, g1 gc, windows-amd64)
# No core dump will be written. Minidumps are not enabled by default on client versions of Windows
#

---------------  S U M M A R Y ------------

Command Line: --add-opens=java.base/java.util=ALL-UNNAMED --add-opens=java.base/java.lang=ALL-UNNAMED --add-opens=java.base/java.lang.invoke=ALL-UNNAMED --add-opens=java.base/java.util=ALL-UNNAMED --add-opens=java.prefs/java.util.prefs=ALL-UNNAMED --add-opens=java.prefs/java.util.prefs=ALL-UNNAMED --add-opens=java.base/java.nio.charset=ALL-UNNAMED --add-opens=java.base/java.net=ALL-UNNAMED --add-opens=java.base/java.util.concurrent.atomic=ALL-UNNAMED -Xmx2048m -Dfile.encoding=UTF-8 -Duser.country=FR -Duser.language=fr -Duser.variant org.gradle.launcher.daemon.bootstrap.GradleDaemon 7.5

Host: Intel(R) Core(TM) i5-10210U CPU @ 1.60GHz, 8 cores, 15G,  Windows 10 , 64 bit Build 19041 (10.0.19041.5678)
Time: Sat Apr 19 13:52:14 2025 Paris, Madrid (heure duild 19041 (10.0.19041.5678) elapsed time: 155.325502 seconds (0d 0h 2m 35s)

---------------  T H R E A D  ---------------

Current thread (0x000001b11725bf70):  JavaThread "C2 CompilerThread0" daemon [_thread_in_native, id=21884, stack(0x0000004cc2300000,0x0000004cc2400000)]


Current CompileTask:
C2: 155325 25117 %     4       com.android.tools.r8.ir.regalloc.b::c @ 2070 (4031 bytes)

Stack: [0x0000004cc2300000,0x0000004cc2400000]
Native frames: (J=compiled Java code, j=interpreted, Vv=VM code, C=native code)
V  [jvm.dll+0x67a04a]
V  [jvm.dll+0x7da4ed]
V  [jvm.dll+0x7dbe33]
V  [jvm.dll+0x7dc4a3]
V  [jvm.dll+0x24508f]
V  [jvm.dll+0xab773]
V  [jvm.dll+0xabd3c]
V  [jvm.dll+0x2aa52f]
V  [jvm.dll+0x581eb9]
V  [jvm.dll+0x21f422]
V  [jvm.dll+0x21f81f]
V  [jvm.dll+0x218aa0]
V  [jvm.dll+0x215b65]
V  [jvm.dll+0x1a2960]
V  [jvm.dll+0x22610b]
V  [jvm.dll+0x2242ab]
V  [jvm.dll+0x79075c]
V  [jvm.dll+0x78abea]
V  [jvm.dll+0x678f35]
C  [ucrtbase.dll+0x21bb2]
C  [KERNEL32.DLL+0x17374]
C  [ntdll.dll+0x4cc91]


---------------  P R O C E S S  ---------------

Threads class SMR info:
_java_thread_list=0x000001b1603193b0, length=139, elements={
0x000001b176fabc30, 0x000001b117241510, 0x000001b117241fe0, 0x000001b117255d90,
0x000001b117256860, 0x000001b117259240, 0x000001b11725ab20, 0x000001b11725bf70,
0x000001b1172605d0, 0x000001b117263690, 0x000001b1174d9870, 0x000001b1174ea3d0,
0x000001b15e369b00, 0x000001b117bbb8d0, 0x000001b15e55ac50, 0x000001b15df5a820,
0x000001b15e08af60, 0x000001b15d77d760, 0x000001b15d77d250, 0x000001b15d77b900,
0x000001b15d77dc70, 0x000001b15d77a9d0, 0x000001b15d77be10, 0x000001b15d77aee0,
0x000001b15d77c320, 0x000001b15d77c830, 0x000001b15d77b3f0, 0x000001b15ee73e00,
0x000001b15ee71a90, 0x000001b15ee738f0, 0x000001b15ee724b0, 0x000001b15ee76b90,
0x000001b15ee74310, 0x000001b15ee770a0, 0x000001b15ee733e0, 0x000001b15ee72ed0,
0x000001b15ee71580, 0x000001b15ee71070, 0x000001b15ee75750, 0x000001b15ee75c60,
0x000001b15ee76170, 0x000001b15ee789f0, 0x000001b15ee76680, 0x000001b15ee71fa0,
0x000001b15ea4aaf0, 0x000001b15ea49bc0, 0x000001b15ea440a0, 0x000001b15ea454e0,
0x000001b15ea44fd0, 0x000001b15ea43680, 0x000001b15ea459f0, 0x000001b15ea46e30,
0x000001b15ea45f00, 0x000001b15ea48780, 0x000001b15ea4b000, 0x000001b15ea4a0d0,
0x000001b15ea445b0, 0x000001b15ea491a0, 0x000001b15ea4a5e0, 0x000001b15ea47340,
0x000001b15ea48c90, 0x000001b15ea43b90, 0x000001b15ea44ac0, 0x000001b15ea46410,
0x000001b15ea496b0, 0x000001b15ea47850, 0x000001b15ea48270, 0x000001b15ea46920,
0x000001b15ea47d60, 0x000001b15e7ec960, 0x000001b15e7eba30, 0x000001b15e7ee7c0,
0x000001b15e7e9bd0, 0x000001b15e7edda0, 0x000001b15e7ece70, 0x000001b15e7eb520,
0x000001b15e7ebf40, 0x000001b15e7ed890, 0x000001b15e7efc00, 0x000001b15e7eab00,
0x000001b15e7eb010, 0x000001b15e7f0110, 0x000001b15e7eecd0, 0x000001b15e7ec450,
0x000001b15e7ea5f0, 0x000001b15e7ed380, 0x000001b15e7ee2b0, 0x000001b15e7e96c0,
0x000001b15e7ef1e0, 0x000001b15e7ef6f0, 0x000001b15e7e8ca0, 0x000001b15e7f0620,
0x000001b15e7e91b0, 0x000001b15e7ea0e0, 0x000001b15e7ca510, 0x000001b15e7cb950,
0x000001b15e7cd2a0, 0x000001b15e7cb440, 0x000001b15e7caa20, 0x000001b15e7cd7b0,
0x000001b15e7d0030, 0x000001b15e7caf30, 0x000001b15e7c9af0, 0x000001b15e7cdcc0,
0x000001b15e7cc880, 0x000001b15e7ce1d0, 0x000001b15e7d0540, 0x000001b15e7cbe60,
0x000001b15e7cc370, 0x000001b15e7cfb20, 0x000001b15e7ccd90, 0x000001b15e7ce6e0,
0x000001b15e7c95e0, 0x000001b15e7cebf0, 0x000001b15e7cf100, 0x000001b15e7cf610,
0x000001b15e7ca000, 0x000001b15e7c90d0, 0x000001b15e7d0a50, 0x000001b15dc723b0,
0x000001b15dc72dd0, 0x000001b15dc728c0, 0x000001b15dc732e0, 0x000001b15dc71990,
0x000001b15e1805b0, 0x000001b15e180ac0, 0x000001b15e17dd30, 0x000001b15e17ec60,
0x000001b15e180fd0, 0x000001b15e17d820, 0x000001b15e1814e0, 0x000001b15e1819f0,
0x000001b15e181f00, 0x000001b15e182920, 0x000001b15e17e750, 0x000001b15e17f170,
0x000001b16029ca30, 0x000001b15e6230d0, 0x000001b15e620650
}

Java Threads: ( => current thread )
  0x000001b176fabc30 JavaThread "main" [_thread_blocked, id=21692, stack(0x0000004cc1600000,0x0000004cc1700000)]
  0x000001b117241510 JavaThread "Reference Handler" daemon [_thread_blocked, id=16748, stack(0x0000004cc1d00000,0x0000004cc1e00000)]
  0x000001b117241fe0 JavaThread "Finalizer" daemon [_thread_blocked, id=20420, stack(0x0000004cc1e00000,0x0000004cc1f00000)]
  0x000001b117255d90 JavaThread "Signal Dispatcher" daemon [_thread_blocked, id=18768, stack(0x0000004cc1f00000,0x0000004cc2000000)]
  0x000001b117256860 JavaThread "Attach Listener" daemon [_thread_blocked, id=13888, stack(0x0000004cc2000000,0x0000004cc2100000)]
  0x000001b117259240 JavaThread "Service Thread" daemon [_thread_blocked, id=12628, stack(0x0000004cc2100000,0x0000004cc2200000)]
  0x000001b11725ab20 JavaThread "Monitor Deflation Thread" daemon [_thread_blocked, id=25572, stack(0x0000004cc2200000,0x0000004cc2300000)]
=>0x000001b11725bf70 JavaThread "C2 CompilerThread0" daemon [_thread_in_native, id=21884, stack(0x0000004cc2300000,0x0000004cc2400000)]
  0x000001b1172605d0 JavaThread "C1 CompilerThread0" daemon [_thread_blocked, id=17856, stack(0x0000004cc2400000,0x0000004cc2500000)]
  0x000001b117263690 JavaThread "Sweeper thread" daemon [_thread_blocked, id=17288, stack(0x0000004cc2500000,0x0000004cc2600000)]
  0x000001b1174d9870 JavaThread "Common-Cleaner" daemon [_thread_blocked, id=23660, stack(0x0000004cc2600000,0x0000004cc2700000)]
  0x000001b1174ea3d0 JavaThread "Notification Thread" daemon [_thread_blocked, id=17520, stack(0x0000004cc2700000,0x0000004cc2800000)]
  0x000001b15e369b00 JavaThread "Daemon health stats" [_thread_blocked, id=968, stack(0x0000004cc3000000,0x0000004cc3100000)]
  0x000001b117bbb8d0 JavaThread "Incoming local TCP Connector on port 57487" [_thread_in_native, id=3848, stack(0x0000004cc2a00000,0x0000004cc2b00000)]
  0x000001b15e55ac50 JavaThread "Daemon periodic checks" [_thread_blocked, id=26048, stack(0x0000004cc3100000,0x0000004cc3200000)]
  0x000001b15df5a820 JavaThread "Daemon" [_thread_blocked, id=10416, stack(0x0000004cc3200000,0x0000004cc3300000)]
  0x000001b15e08af60 JavaThread "Handler for socket connection from /127.0.0.1:57487 to /127.0.0.1:57488" [_thread_in_native, id=2820, stack(0x0000004cc3300000,0x0000004cc3400000)]
  0x000001b15d77d760 JavaThread "Cancel handler" [_thread_blocked, id=11896, stack(0x0000004cc3400000,0x0000004cc3500000)]
  0x000001b15d77d250 JavaThread "Daemon worker" [_thread_blocked, id=19096, stack(0x0000004cc3500000,0x0000004cc3600000)]
  0x000001b15d77b900 JavaThread "Asynchronous log dispatcher for DefaultDaemonConnection: socket connection from /127.0.0.1:57487 to /127.0.0.1:57488" [_thread_blocked, id=20324, stack(0x0000004cc3600000,0x0000004cc3700000)]
  0x000001b15d77dc70 JavaThread "Daemon client event forwarder" [_thread_blocked, id=11836, stack(0x0000004cc3800000,0x0000004cc3900000)]
  0x000001b15d77a9d0 JavaThread "Cache worker for journal cache (C:\Users\Morsi Store DZ\.gradle\caches\journal-1)" [_thread_blocked, id=20536, stack(0x0000004cc3900000,0x0000004cc3a00000)]
  0x000001b15d77be10 JavaThread "File lock request listener" [_thread_in_native, id=22024, stack(0x0000004cc3a00000,0x0000004cc3b00000)]
  0x000001b15d77aee0 JavaThread "Cache worker for file hash cache (C:\Users\Morsi Store DZ\.gradle\caches\7.5\fileHashes)" [_thread_blocked, id=19256, stack(0x0000004cc2900000,0x0000004cc2a00000)]
  0x000001b15d77c320 JavaThread "File watcher server" daemon [_thread_in_native, id=10816, stack(0x0000004cc3d00000,0x0000004cc3e00000)]
  0x000001b15d77c830 JavaThread "File watcher consumer" daemon [_thread_blocked, id=16820, stack(0x0000004cc3e00000,0x0000004cc3f00000)]
  0x000001b15d77b3f0 JavaThread "Cache worker for checksums cache (D:\MyApps\MobileUser_Frontend\.gradle\7.5\checksums)" [_thread_blocked, id=26044, stack(0x0000004cc3f00000,0x0000004cc4000000)]
  0x000001b15ee73e00 JavaThread "Cache worker for cache directory md-rule (C:\Users\Morsi Store DZ\.gradle\caches\7.5\md-rule)" [_thread_blocked, id=24816, stack(0x0000004cc4000000,0x0000004cc4100000)]
  0x000001b15ee71a90 JavaThread "Cache worker for file content cache (C:\Users\Morsi Store DZ\.gradle\caches\7.5\fileContent)" [_thread_blocked, id=11484, stack(0x0000004cc4100000,0x0000004cc4200000)]
  0x000001b15ee738f0 JavaThread "Cache worker for file hash cache (D:\MyApps\MobileUser_Frontend\.gradle\7.5\fileHashes)" [_thread_blocked, id=10672, stack(0x0000004cc4200000,0x0000004cc4300000)]
  0x000001b15ee724b0 JavaThread "Cache worker for cache directory md-supplier (C:\Users\Morsi Store DZ\.gradle\caches\7.5\md-supplier)" [_thread_blocked, id=6848, stack(0x0000004cc4300000,0x0000004cc4400000)]
  0x000001b15ee76b90 JavaThread "Cache worker for execution history cache (C:\Users\Morsi Store DZ\.gradle\caches\7.5\executionHistory)" [_thread_blocked, id=7532, stack(0x0000004cc4700000,0x0000004cc4800000)]
  0x000001b15ee74310 JavaThread "jar transforms" [_thread_blocked, id=4888, stack(0x0000004cc4800000,0x0000004cc4900000)]
  0x000001b15ee770a0 JavaThread "jar transforms Thread 2" [_thread_blocked, id=18908, stack(0x0000004cc4900000,0x0000004cc4a00000)]
  0x000001b15ee733e0 JavaThread "Cache worker for dependencies-accessors (D:\MyApps\MobileUser_Frontend\.gradle\7.5\dependencies-accessors)" [_thread_blocked, id=26036, stack(0x0000004cc4a00000,0x0000004cc4b00000)]
  0x000001b15ee72ed0 JavaThread "jar transforms Thread 3" [_thread_blocked, id=4592, stack(0x0000004cc4b00000,0x0000004cc4c00000)]
  0x000001b15ee71580 JavaThread "Cache worker for Build Output Cleanup Cache (D:\MyApps\MobileUser_Frontend\.gradle\buildOutputCleanup)" [_thread_blocked, id=26172, stack(0x0000004cc4c00000,0x0000004cc4d00000)]
  0x000001b15ee71070 JavaThread "Unconstrained build operations" [_thread_blocked, id=24144, stack(0x0000004cc3c00000,0x0000004cc3d00000)]
  0x000001b15ee75750 JavaThread "Unconstrained build operations Thread 2" [_thread_blocked, id=15664, stack(0x0000004cc4d00000,0x0000004cc4e00000)]
  0x000001b15ee75c60 JavaThread "Unconstrained build operations Thread 3" [_thread_blocked, id=22404, stack(0x0000004cc4e00000,0x0000004cc4f00000)]
  0x000001b15ee76170 JavaThread "Unconstrained build operations Thread 4" [_thread_blocked, id=9976, stack(0x0000004cc4f00000,0x0000004cc5000000)]
  0x000001b15ee789f0 JavaThread "Unconstrained build operations Thread 5" [_thread_blocked, id=456, stack(0x0000004cc5000000,0x0000004cc5100000)]
  0x000001b15ee76680 JavaThread "Unconstrained build operations Thread 6" [_thread_blocked, id=17472, stack(0x0000004cc5100000,0x0000004cc5200000)]
  0x000001b15ee71fa0 JavaThread "Unconstrained build operations Thread 7" [_thread_blocked, id=22060, stack(0x0000004cc5200000,0x0000004cc5300000)]
  0x000001b15ea4aaf0 JavaThread "Unconstrained build operations Thread 8" [_thread_blocked, id=24924, stack(0x0000004cc5300000,0x0000004cc5400000)]
  0x000001b15ea49bc0 JavaThread "Unconstrained build operations Thread 9" [_thread_blocked, id=22160, stack(0x0000004cc5400000,0x0000004cc5500000)]
  0x000001b15ea440a0 JavaThread "Unconstrained build operations Thread 10" [_thread_blocked, id=1256, stack(0x0000004cc5500000,0x0000004cc5600000)]
  0x000001b15ea454e0 JavaThread "Unconstrained build operations Thread 11" [_thread_blocked, id=22564, stack(0x0000004cc5600000,0x0000004cc5700000)]
  0x000001b15ea44fd0 JavaThread "Unconstrained build operations Thread 12" [_thread_blocked, id=4928, stack(0x0000004cc5700000,0x0000004cc5800000)]
  0x000001b15ea43680 JavaThread "Unconstrained build operations Thread 13" [_thread_blocked, id=14084, stack(0x0000004cc5800000,0x0000004cc5900000)]
  0x000001b15ea459f0 JavaThread "Unconstrained build operations Thread 14" [_thread_blocked, id=2564, stack(0x0000004cc5900000,0x0000004cc5a00000)]
  0x000001b15ea46e30 JavaThread "Unconstrained build operations Thread 15" [_thread_blocked, id=23348, stack(0x0000004cc5a00000,0x0000004cc5b00000)]
  0x000001b15ea45f00 JavaThread "Unconstrained build operations Thread 16" [_thread_blocked, id=21584, stack(0x0000004cc5b00000,0x0000004cc5c00000)]
  0x000001b15ea48780 JavaThread "Unconstrained build operations Thread 17" [_thread_in_Java, id=5248, stack(0x0000004cc5c00000,0x0000004cc5d00000)]
  0x000001b15ea4b000 JavaThread "Unconstrained build operations Thread 18" [_thread_blocked, id=4488, stack(0x0000004cc5d00000,0x0000004cc5e00000)]
  0x000001b15ea4a0d0 JavaThread "Unconstrained build operations Thread 19" [_thread_blocked, id=10608, stack(0x0000004cc5e00000,0x0000004cc5f00000)]
  0x000001b15ea445b0 JavaThread "Unconstrained build operations Thread 20" [_thread_blocked, id=14316, stack(0x0000004cc5f00000,0x0000004cc6000000)]
  0x000001b15ea491a0 JavaThread "Unconstrained build operations Thread 21" [_thread_blocked, id=868, stack(0x0000004cc6000000,0x0000004cc6100000)]
  0x000001b15ea4a5e0 JavaThread "Unconstrained build operations Thread 22" [_thread_blocked, id=22648, stack(0x0000004cc6100000,0x0000004cc6200000)]
  0x000001b15ea47340 JavaThread "Unconstrained build operations Thread 23" [_thread_blocked, id=18940, stack(0x0000004cc6200000,0x0000004cc6300000)]
  0x000001b15ea48c90 JavaThread "Unconstrained build operations Thread 24" [_thread_in_Java, id=22544, stack(0x0000004cc6300000,0x0000004cc6400000)]
  0x000001b15ea43b90 JavaThread "Unconstrained build operations Thread 25" [_thread_blocked, id=16856, stack(0x0000004cc6400000,0x0000004cc6500000)]
  0x000001b15ea44ac0 JavaThread "Unconstrained build operations Thread 26" [_thread_blocked, id=10972, stack(0x0000004cc6500000,0x0000004cc6600000)]
  0x000001b15ea46410 JavaThread "Unconstrained build operations Thread 27" [_thread_in_Java, id=10740, stack(0x0000004cc6600000,0x0000004cc6700000)]
  0x000001b15ea496b0 JavaThread "Unconstrained build operations Thread 28" [_thread_blocked, id=25292, stack(0x0000004cc6700000,0x0000004cc6800000)]
  0x000001b15ea47850 JavaThread "Unconstrained build operations Thread 29" [_thread_blocked, id=19560, stack(0x0000004cc6800000,0x0000004cc6900000)]
  0x000001b15ea48270 JavaThread "Unconstrained build operations Thread 30" [_thread_blocked, id=18704, stack(0x0000004cc6900000,0x0000004cc6a00000)]
  0x000001b15ea46920 JavaThread "Unconstrained build operations Thread 31" [_thread_blocked, id=25712, stack(0x0000004cc6a00000,0x0000004cc6b00000)]
  0x000001b15ea47d60 JavaThread "Unconstrained build operations Thread 32" [_thread_in_Java, id=25204, stack(0x0000004cc6b00000,0x0000004cc6c00000)]
  0x000001b15e7ec960 JavaThread "Unconstrained build operations Thread 33" [_thread_blocked, id=14288, stack(0x0000004cc6c00000,0x0000004cc6d00000)]
  0x000001b15e7eba30 JavaThread "Unconstrained build operations Thread 34" [_thread_blocked, id=7992, stack(0x0000004cc6d00000,0x0000004cc6e00000)]
  0x000001b15e7ee7c0 JavaThread "Unconstrained build operations Thread 35" [_thread_blocked, id=2748, stack(0x0000004cc6e00000,0x0000004cc6f00000)]
  0x000001b15e7e9bd0 JavaThread "Unconstrained build operations Thread 36" [_thread_blocked, id=152, stack(0x0000004cc6f00000,0x0000004cc7000000)]
  0x000001b15e7edda0 JavaThread "Unconstrained build operations Thread 37" [_thread_blocked, id=23580, stack(0x0000004cc7000000,0x0000004cc7100000)]
  0x000001b15e7ece70 JavaThread "Unconstrained build operations Thread 38" [_thread_blocked, id=7876, stack(0x0000004cc7100000,0x0000004cc7200000)]
  0x000001b15e7eb520 JavaThread "Unconstrained build operations Thread 39" [_thread_blocked, id=25968, stack(0x0000004cc7200000,0x0000004cc7300000)]
  0x000001b15e7ebf40 JavaThread "Unconstrained build operations Thread 40" [_thread_blocked, id=13536, stack(0x0000004cc7300000,0x0000004cc7400000)]
  0x000001b15e7ed890 JavaThread "Unconstrained build operations Thread 41" [_thread_blocked, id=1512, stack(0x0000004cc7400000,0x0000004cc7500000)]
  0x000001b15e7efc00 JavaThread "Unconstrained build operations Thread 42" [_thread_blocked, id=26112, stack(0x0000004cc7500000,0x0000004cc7600000)]
  0x000001b15e7eab00 JavaThread "Unconstrained build operations Thread 43" [_thread_blocked, id=9900, stack(0x0000004cc7600000,0x0000004cc7700000)]
  0x000001b15e7eb010 JavaThread "Unconstrained build operations Thread 44" [_thread_blocked, id=6564, stack(0x0000004cc7700000,0x0000004cc7800000)]
  0x000001b15e7f0110 JavaThread "Unconstrained build operations Thread 45" [_thread_blocked, id=18452, stack(0x0000004cc7800000,0x0000004cc7900000)]
  0x000001b15e7eecd0 JavaThread "Unconstrained build operations Thread 46" [_thread_blocked, id=21072, stack(0x0000004cc7900000,0x0000004cc7a00000)]
  0x000001b15e7ec450 JavaThread "Unconstrained build operations Thread 47" [_thread_blocked, id=11136, stack(0x0000004cc7a00000,0x0000004cc7b00000)]
  0x000001b15e7ea5f0 JavaThread "Unconstrained build operations Thread 48" [_thread_blocked, id=20276, stack(0x0000004cc7b00000,0x0000004cc7c00000)]
  0x000001b15e7ed380 JavaThread "Unconstrained build operations Thread 49" [_thread_blocked, id=17116, stack(0x0000004cc7c00000,0x0000004cc7d00000)]
  0x000001b15e7ee2b0 JavaThread "Unconstrained build operations Thread 50" [_thread_blocked, id=19716, stack(0x0000004cc7d00000,0x0000004cc7e00000)]
  0x000001b15e7e96c0 JavaThread "Unconstrained build operations Thread 51" [_thread_blocked, id=15800, stack(0x0000004cc7e00000,0x0000004cc7f00000)]
  0x000001b15e7ef1e0 JavaThread "Unconstrained build operations Thread 52" [_thread_blocked, id=3148, stack(0x0000004cc7f00000,0x0000004cc8000000)]
  0x000001b15e7ef6f0 JavaThread "Unconstrained build operations Thread 53" [_thread_blocked, id=24128, stack(0x0000004cc8000000,0x0000004cc8100000)]
  0x000001b15e7e8ca0 JavaThread "Unconstrained build operations Thread 54" [_thread_blocked, id=7200, stack(0x0000004cc8100000,0x0000004cc8200000)]
  0x000001b15e7f0620 JavaThread "Unconstrained build operations Thread 55" [_thread_blocked, id=23648, stack(0x0000004cc8200000,0x0000004cc8300000)]
  0x000001b15e7e91b0 JavaThread "Unconstrained build operations Thread 56" [_thread_blocked, id=15880, stack(0x0000004cc8300000,0x0000004cc8400000)]
  0x000001b15e7ea0e0 JavaThread "Unconstrained build operations Thread 57" [_thread_blocked, id=14620, stack(0x0000004cc8400000,0x0000004cc8500000)]
  0x000001b15e7ca510 JavaThread "Unconstrained build operations Thread 58" [_thread_blocked, id=21488, stack(0x0000004cc8500000,0x0000004cc8600000)]
  0x000001b15e7cb950 JavaThread "Unconstrained build operations Thread 59" [_thread_blocked, id=19968, stack(0x0000004cc8600000,0x0000004cc8700000)]
  0x000001b15e7cd2a0 JavaThread "Unconstrained build operations Thread 60" [_thread_in_Java, id=1712, stack(0x0000004cc8700000,0x0000004cc8800000)]
  0x000001b15e7cb440 JavaThread "Unconstrained build operations Thread 61" [_thread_blocked, id=5328, stack(0x0000004cc8800000,0x0000004cc8900000)]
  0x000001b15e7caa20 JavaThread "Unconstrained build operations Thread 62" [_thread_blocked, id=8996, stack(0x0000004cc8900000,0x0000004cc8a00000)]
  0x000001b15e7cd7b0 JavaThread "Unconstrained build operations Thread 63" [_thread_blocked, id=13512, stack(0x0000004cc8a00000,0x0000004cc8b00000)]
  0x000001b15e7d0030 JavaThread "Unconstrained build operations Thread 64" [_thread_blocked, id=14688, stack(0x0000004cc8b00000,0x0000004cc8c00000)]
  0x000001b15e7caf30 JavaThread "Unconstrained build operations Thread 65" [_thread_blocked, id=24224, stack(0x0000004cc8c00000,0x0000004cc8d00000)]
  0x000001b15e7c9af0 JavaThread "Unconstrained build operations Thread 66" [_thread_blocked, id=2248, stack(0x0000004cc8d00000,0x0000004cc8e00000)]
  0x000001b15e7cdcc0 JavaThread "Unconstrained build operations Thread 67" [_thread_blocked, id=25212, stack(0x0000004cc8e00000,0x0000004cc8f00000)]
  0x000001b15e7cc880 JavaThread "Unconstrained build operations Thread 68" [_thread_blocked, id=14964, stack(0x0000004cc8f00000,0x0000004cc9000000)]
  0x000001b15e7ce1d0 JavaThread "Unconstrained build operations Thread 69" [_thread_blocked, id=23072, stack(0x0000004cc9000000,0x0000004cc9100000)]
  0x000001b15e7d0540 JavaThread "Unconstrained build operations Thread 70" [_thread_blocked, id=15284, stack(0x0000004cc9100000,0x0000004cc9200000)]
  0x000001b15e7cbe60 JavaThread "Unconstrained build operations Thread 71" [_thread_in_Java, id=11552, stack(0x0000004cc9200000,0x0000004cc9300000)]
  0x000001b15e7cc370 JavaThread "Unconstrained build operations Thread 72" [_thread_blocked, id=16168, stack(0x0000004cc9300000,0x0000004cc9400000)]
  0x000001b15e7cfb20 JavaThread "Unconstrained build operations Thread 73" [_thread_blocked, id=17452, stack(0x0000004cc9400000,0x0000004cc9500000)]
  0x000001b15e7ccd90 JavaThread "Unconstrained build operations Thread 74" [_thread_blocked, id=23424, stack(0x0000004cc9500000,0x0000004cc9600000)]
  0x000001b15e7ce6e0 JavaThread "Unconstrained build operations Thread 75" [_thread_blocked, id=18752, stack(0x0000004cc9600000,0x0000004cc9700000)]
  0x000001b15e7c95e0 JavaThread "Unconstrained build operations Thread 76" [_thread_blocked, id=1948, stack(0x0000004cc9700000,0x0000004cc9800000)]
  0x000001b15e7cebf0 JavaThread "Unconstrained build operations Thread 77" [_thread_blocked, id=17188, stack(0x0000004cc9800000,0x0000004cc9900000)]
  0x000001b15e7cf100 JavaThread "Unconstrained build operations Thread 78" [_thread_blocked, id=22988, stack(0x0000004cc9900000,0x0000004cc9a00000)]
  0x000001b15e7cf610 JavaThread "Unconstrained build operations Thread 79" [_thread_blocked, id=736, stack(0x0000004cc9a00000,0x0000004cc9b00000)]
  0x000001b15e7ca000 JavaThread "Unconstrained build operations Thread 80" [_thread_blocked, id=21916, stack(0x0000004cc9b00000,0x0000004cc9c00000)]
  0x000001b15e7c90d0 JavaThread "jar transforms Thread 4" [_thread_blocked, id=22228, stack(0x0000004cc9c00000,0x0000004cc9d00000)]
  0x000001b15e7d0a50 JavaThread "jar transforms Thread 5" [_thread_blocked, id=22256, stack(0x0000004cc9d00000,0x0000004cc9e00000)]
  0x000001b15dc723b0 JavaThread "jar transforms Thread 6" [_thread_blocked, id=11024, stack(0x0000004cc9e00000,0x0000004cc9f00000)]
  0x000001b15dc72dd0 JavaThread "jar transforms Thread 7" [_thread_blocked, id=19056, stack(0x0000004cc9f00000,0x0000004cca000000)]
  0x000001b15dc728c0 JavaThread "jar transforms Thread 8" [_thread_blocked, id=22360, stack(0x0000004cca000000,0x0000004cca100000)]
  0x000001b15dc732e0 JavaThread "build event listener" [_thread_blocked, id=21116, stack(0x0000004cca300000,0x0000004cca400000)]
  0x000001b15dc71990 JavaThread "Memory manager" [_thread_blocked, id=568, stack(0x0000004cca400000,0x0000004cca500000)]
  0x000001b15e1805b0 JavaThread "included builds" [_thread_blocked, id=10644, stack(0x0000004cca700000,0x0000004cca800000)]
  0x000001b15e180ac0 JavaThread "Execution worker" [_thread_blocked, id=17216, stack(0x0000004cca800000,0x0000004cca900000)]
  0x000001b15e17dd30 JavaThread "Execution worker Thread 2" [_thread_blocked, id=3880, stack(0x0000004cca900000,0x0000004ccaa00000)]
  0x000001b15e17ec60 JavaThread "Execution worker Thread 3" [_thread_blocked, id=14956, stack(0x0000004ccaa00000,0x0000004ccab00000)]
  0x000001b15e180fd0 JavaThread "Execution worker Thread 4" [_thread_blocked, id=22392, stack(0x0000004ccab00000,0x0000004ccac00000)]
  0x000001b15e17d820 JavaThread "Execution worker Thread 5" [_thread_blocked, id=796, stack(0x0000004ccac00000,0x0000004ccad00000)]
  0x000001b15e1814e0 JavaThread "Execution worker Thread 6" [_thread_blocked, id=14456, stack(0x0000004ccad00000,0x0000004ccae00000)]
  0x000001b15e1819f0 JavaThread "Execution worker Thread 7" [_thread_blocked, id=2412, stack(0x0000004ccae00000,0x0000004ccaf00000)]
  0x000001b15e181f00 JavaThread "Cache worker for execution history cache (D:\MyApps\MobileUser_Frontend\.gradle\7.5\executionHistory)" [_thread_blocked, id=17988, stack(0x0000004ccaf00000,0x0000004ccb000000)]
  0x000001b15e182920 JavaThread "pool-2-thread-1" [_thread_blocked, id=2364, stack(0x0000004cca100000,0x0000004cca200000)]
  0x000001b15e17e750 JavaThread "stderr" [_thread_in_native, id=9872, stack(0x0000004cca200000,0x0000004cca300000)]
  0x000001b15e17f170 JavaThread "stdout" [_thread_in_native, id=24784, stack(0x0000004ccb000000,0x0000004ccb100000)]
  0x000001b16029ca30 JavaThread "WorkerExecutor Queue" [_thread_in_Java, id=1244, stack(0x0000004cc1400000,0x0000004cc1500000)]
  0x000001b15e6230d0 JavaThread "C2 CompilerThread1" daemon [_thread_in_native, id=14800, stack(0x0000004cc1300000,0x0000004cc1400000)]
  0x000001b15e620650 JavaThread "C2 CompilerThread2" daemon [_thread_in_native, id=15492, stack(0x0000004cc1500000,0x0000004cc1600000)]

Other Threads:
  0x000001b11723a6f0 VMThread "VM Thread" [stack: 0x0000004cc1c00000,0x0000004cc1d00000] [id=22840]
  0x000001b17701f900 WatcherThread [stack: 0x0000004cc2800000,0x0000004cc2900000] [id=14988]
  0x000001b177005950 GCTaskThread "GC Thread#0" [stack: 0x0000004cc1700000,0x0000004cc1800000] [id=10976]
  0x000001b117f674c0 GCTaskThread "GC Thread#1" [stack: 0x0000004cc2b00000,0x0000004cc2c00000] [id=16560]
  0x000001b15d499550 GCTaskThread "GC Thread#2" [stack: 0x0000004cc2c00000,0x0000004cc2d00000] [id=19240]
  0x000001b15d2a3290 GCTaskThread "GC Thread#3" [stack: 0x0000004cc2d00000,0x0000004cc2e00000] [id=15344]
  0x000001b15d2a3550 GCTaskThread "GC Thread#4" [stack: 0x0000004cc2e00000,0x0000004cc2f00000] [id=12976]
  0x000001b117daa860 GCTaskThread "GC Thread#5" [stack: 0x0000004cc2f00000,0x0000004cc3000000] [id=6972]
  0x000001b15e012ff0 GCTaskThread "GC Thread#6" [stack: 0x0000004cc4400000,0x0000004cc4500000] [id=15580]
  0x000001b15e013af0 GCTaskThread "GC Thread#7" [stack: 0x0000004cc4500000,0x0000004cc4600000] [id=23404]
  0x000001b177016650 ConcurrentGCThread "G1 Main Marker" [stack: 0x0000004cc1800000,0x0000004cc1900000] [id=8768]
  0x000001b177016e10 ConcurrentGCThread "G1 Conc#0" [stack: 0x0000004cc1900000,0x0000004cc1a00000] [id=12156]
  0x000001b15e012d30 ConcurrentGCThread "G1 Conc#1" [stack: 0x0000004cc4600000,0x0000004cc4700000] [id=13280]
  0x000001b17707e570 ConcurrentGCThread "G1 Refine#0" [stack: 0x0000004cc1a00000,0x0000004cc1b00000] [id=928]
  0x000001b162379350 ConcurrentGCThread "G1 Refine#1" [stack: 0x0000004ccb100000,0x0000004ccb200000] [id=440]
  0x000001b162379930 ConcurrentGCThread "G1 Refine#2" [stack: 0x0000004ccb200000,0x0000004ccb300000] [id=19284]
  0x000001b1170f8190 ConcurrentGCThread "G1 Service" [stack: 0x0000004cc1b00000,0x0000004cc1c00000] [id=15064]

Threads with active compile tasks:
C2 CompilerThread0   155451 25117 %     4       com.android.tools.r8.ir.regalloc.b::c @ 2070 (4031 bytes)
C2 CompilerThread1   155451 24299       4       com.android.tools.r8.internal.No::a (111 bytes)
C2 CompilerThread2   155451 25034       4       com.android.tools.r8.internal.Zo::a (3674 bytes)

VM state: not at safepoint (normal execution)

VM Mutex/Monitor currently owned by a thread: None

Heap address: 0x0000000080000000, size: 2048 MB, Compressed Oops mode: 32-bit

CDS archive(s) mapped at: [0x000001b118000000-0x000001b118bd0000-0x000001b118bd0000), size 12386304, SharedBaseAddress: 0x000001b118000000, ArchiveRelocationMode: 1.
Compressed class space mapped at: 0x000001b119000000-0x000001b159000000, reserved size: 1073741824
Narrow klass base: 0x000001b118000000, Narrow klass shift: 0, Narrow klass range: 0x100000000

GC Precious Log:
 CPUs: 8 total, 8 available
 Memory: 16157M
 Large Page Support: Disabled
 NUMA Support: Disabled
 Compressed Oops: Enabled (32-bit)
 Heap Region Size: 1M
 Heap Min Capacity: 8M
 Heap Initial Capacity: 254M
 Heap Max Capacity: 2G
 Pre-touch: Disabled
 Parallel Workers: 8
 Concurrent Workers: 2
 Concurrent Refinement Workers: 8
 Periodic GC: Disabled

Heap:
 garbage-first heap   total 541696K, used 390196K [0x0000000080000000, 0x0000000100000000)
  region size 1024K, 80 young (81920K), 10 survivors (10240K)
 Metaspace       used 118684K, committed 119424K, reserved 1179648K
  class space    used 15968K, committed 16320K, reserved 1048576K

Heap Regions: E=young(eden), S=young(survivor), O=old, HS=humongous(starts), HC=humongous(continues), CS=collection set, F=free, OA=open archive, CA=closed archive, TAMS=top-at-mark-start (previous, next)
|   0|0x0000000080000000, 0x0000000080100000, 0x0000000080100000|100%| O|  |TAMS 0x0000000080100000, 0x0000000080000000| Untracked 
|   1|0x0000000080100000, 0x0000000080200000, 0x0000000080200000|100%| O|  |TAMS 0x0000000080200000, 0x0000000080100000| Untracked 
|   2|0x0000000080200000, 0x0000000080300000, 0x0000000080300000|100%| O|  |TAMS 0x0000000080300000, 0x0000000080200000| Untracked 
|   3|0x0000000080300000, 0x0000000080400000, 0x0000000080400000|100%|HS|  |TAMS 0x0000000080400000, 0x0000000080300000| Complete 
|   4|0x0000000080400000, 0x0000000080500000, 0x0000000080500000|100%|HC|  |TAMS 0x0000000080500000, 0x0000000080400000| Complete 
|   5|0x0000000080500000, 0x0000000080600000, 0x0000000080600000|100%|HC|  |TAMS 0x0000000080600000, 0x0000000080500000| Complete 
|   6|0x0000000080600000, 0x0000000080700000, 0x0000000080700000|100%| O|  |TAMS 0x0000000080700000, 0x0000000080600000| Untracked 
|   7|0x0000000080700000, 0x0000000080800000, 0x0000000080800000|100%| O|  |TAMS 0x0000000080800000, 0x0000000080700000| Untracked 
|   8|0x0000000080800000, 0x0000000080900000, 0x0000000080900000|100%| O|  |TAMS 0x0000000080900000, 0x0000000080800000| Untracked 
|   9|0x0000000080900000, 0x0000000080a00000, 0x0000000080a00000|100%| O|  |TAMS 0x0000000080a00000, 0x0000000080900000| Untracked 
|  10|0x0000000080a00000, 0x0000000080b00000, 0x0000000080b00000|100%| O|  |TAMS 0x0000000080b00000, 0x0000000080a00000| Untracked 
|  11|0x0000000080b00000, 0x0000000080c00000, 0x0000000080c00000|100%| O|  |TAMS 0x0000000080c00000, 0x0000000080b00000| Untracked 
|  12|0x0000000080c00000, 0x0000000080d00000, 0x0000000080d00000|100%| O|  |TAMS 0x0000000080d00000, 0x0000000080c00000| Untracked 
|  13|0x0000000080d00000, 0x0000000080e00000, 0x0000000080e00000|100%| O|  |TAMS 0x0000000080e00000, 0x0000000080d00000| Untracked 
|  14|0x0000000080e00000, 0x0000000080f00000, 0x0000000080f00000|100%| O|  |TAMS 0x0000000080f00000, 0x0000000080e00000| Untracked 
|  15|0x0000000080f00000, 0x0000000081000000, 0x0000000081000000|100%| O|  |TAMS 0x0000000081000000, 0x0000000080f00000| Untracked 
|  16|0x0000000081000000, 0x0000000081100000, 0x0000000081100000|100%| O|  |TAMS 0x0000000081100000, 0x0000000081000000| Untracked 
|  17|0x0000000081100000, 0x0000000081200000, 0x0000000081200000|100%| O|  |TAMS 0x0000000081200000, 0x0000000081100000| Untracked 
|  18|0x0000000081200000, 0x0000000081300000, 0x0000000081300000|100%| O|  |TAMS 0x0000000081300000, 0x0000000081200000| Untracked 
|  19|0x0000000081300000, 0x0000000081400000, 0x0000000081400000|100%| O|  |TAMS 0x0000000081400000, 0x0000000081300000| Untracked 
|  20|0x0000000081400000, 0x0000000081500000, 0x0000000081500000|100%| O|  |TAMS 0x0000000081500000, 0x0000000081400000| Untracked 
|  21|0x0000000081500000, 0x0000000081600000, 0x0000000081600000|100%| O|  |TAMS 0x0000000081600000, 0x0000000081500000| Untracked 
|  22|0x0000000081600000, 0x0000000081700000, 0x0000000081700000|100%| O|  |TAMS 0x0000000081700000, 0x0000000081600000| Untracked 
|  23|0x0000000081700000, 0x0000000081800000, 0x0000000081800000|100%| O|  |TAMS 0x0000000081800000, 0x0000000081700000| Untracked 
|  24|0x0000000081800000, 0x0000000081900000, 0x0000000081900000|100%| O|  |TAMS 0x0000000081900000, 0x0000000081800000| Untracked 
|  25|0x0000000081900000, 0x0000000081a00000, 0x0000000081a00000|100%| O|  |TAMS 0x0000000081a00000, 0x0000000081900000| Untracked 
|  26|0x0000000081a00000, 0x0000000081b00000, 0x0000000081b00000|100%| O|  |TAMS 0x0000000081b00000, 0x0000000081a00000| Untracked 
|  27|0x0000000081b00000, 0x0000000081c00000, 0x0000000081c00000|100%| O|  |TAMS 0x0000000081c00000, 0x0000000081b00000| Untracked 
|  28|0x0000000081c00000, 0x0000000081d00000, 0x0000000081d00000|100%| O|  |TAMS 0x0000000081d00000, 0x0000000081c00000| Untracked 
|  29|0x0000000081d00000, 0x0000000081e00000, 0x0000000081e00000|100%| O|  |TAMS 0x0000000081e00000, 0x0000000081d00000| Untracked 
|  30|0x0000000081e00000, 0x0000000081f00000, 0x0000000081f00000|100%| O|  |TAMS 0x0000000081f00000, 0x0000000081e00000| Untracked 
|  31|0x0000000081f00000, 0x0000000082000000, 0x0000000082000000|100%| O|  |TAMS 0x0000000082000000, 0x0000000081f00000| Untracked 
|  32|0x0000000082000000, 0x0000000082100000, 0x0000000082100000|100%| O|  |TAMS 0x0000000082100000, 0x0000000082000000| Untracked 
|  33|0x0000000082100000, 0x0000000082200000, 0x0000000082200000|100%| O|  |TAMS 0x0000000082200000, 0x0000000082100000| Untracked 
|  34|0x0000000082200000, 0x0000000082300000, 0x0000000082300000|100%| O|  |TAMS 0x0000000082300000, 0x0000000082200000| Untracked 
|  35|0x0000000082300000, 0x0000000082400000, 0x0000000082400000|100%| O|  |TAMS 0x0000000082400000, 0x0000000082300000| Untracked 
|  36|0x0000000082400000, 0x0000000082500000, 0x0000000082500000|100%| O|  |TAMS 0x0000000082500000, 0x0000000082400000| Untracked 
|  37|0x0000000082500000, 0x0000000082600000, 0x0000000082600000|100%| O|  |TAMS 0x0000000082600000, 0x0000000082500000| Untracked 
|  38|0x0000000082600000, 0x0000000082700000, 0x0000000082700000|100%| O|  |TAMS 0x0000000082700000, 0x0000000082600000| Untracked 
|  39|0x0000000082700000, 0x0000000082800000, 0x0000000082800000|100%|HS|  |TAMS 0x0000000082800000, 0x0000000082700000| Complete 
|  40|0x0000000082800000, 0x0000000082900000, 0x0000000082900000|100%|HS|  |TAMS 0x0000000082900000, 0x0000000082800000| Complete 
|  41|0x0000000082900000, 0x0000000082a00000, 0x0000000082a00000|100%|HC|  |TAMS 0x0000000082a00000, 0x0000000082900000| Complete 
|  42|0x0000000082a00000, 0x0000000082b00000, 0x0000000082b00000|100%|HS|  |TAMS 0x0000000082b00000, 0x0000000082a00000| Complete 
|  43|0x0000000082b00000, 0x0000000082c00000, 0x0000000082c00000|100%|HS|  |TAMS 0x0000000082c00000, 0x0000000082b00000| Complete 
|  44|0x0000000082c00000, 0x0000000082d00000, 0x0000000082d00000|100%|HC|  |TAMS 0x0000000082d00000, 0x0000000082c00000| Complete 
|  45|0x0000000082d00000, 0x0000000082e00000, 0x0000000082e00000|100%|HC|  |TAMS 0x0000000082e00000, 0x0000000082d00000| Complete 
|  46|0x0000000082e00000, 0x0000000082f00000, 0x0000000082f00000|100%|HC|  |TAMS 0x0000000082f00000, 0x0000000082e00000| Complete 
|  47|0x0000000082f00000, 0x0000000083000000, 0x0000000083000000|100%| O|  |TAMS 0x0000000083000000, 0x0000000082f00000| Untracked 
|  48|0x0000000083000000, 0x0000000083100000, 0x0000000083100000|100%| O|  |TAMS 0x0000000083100000, 0x0000000083000000| Untracked 
|  49|0x0000000083100000, 0x0000000083200000, 0x0000000083200000|100%| O|  |TAMS 0x0000000083200000, 0x0000000083100000| Untracked 
|  50|0x0000000083200000, 0x0000000083300000, 0x0000000083300000|100%| O|  |TAMS 0x0000000083300000, 0x0000000083200000| Untracked 
|  51|0x0000000083300000, 0x0000000083400000, 0x0000000083400000|100%| O|  |TAMS 0x0000000083400000, 0x0000000083300000| Untracked 
|  52|0x0000000083400000, 0x0000000083500000, 0x0000000083500000|100%| O|  |TAMS 0x0000000083500000, 0x0000000083400000| Untracked 
|  53|0x0000000083500000, 0x0000000083600000, 0x0000000083600000|100%| O|  |TAMS 0x0000000083600000, 0x0000000083500000| Untracked 
|  54|0x0000000083600000, 0x0000000083700000, 0x0000000083700000|100%| O|  |TAMS 0x0000000083700000, 0x0000000083600000| Untracked 
|  55|0x0000000083700000, 0x0000000083800000, 0x0000000083800000|100%| O|  |TAMS 0x0000000083800000, 0x0000000083700000| Untracked 
|  56|0x0000000083800000, 0x0000000083900000, 0x0000000083900000|100%| O|  |TAMS 0x0000000083900000, 0x0000000083800000| Untracked 
|  57|0x0000000083900000, 0x0000000083a00000, 0x0000000083a00000|100%| O|  |TAMS 0x0000000083a00000, 0x0000000083900000| Untracked 
|  58|0x0000000083a00000, 0x0000000083b00000, 0x0000000083b00000|100%| O|  |TAMS 0x0000000083b00000, 0x0000000083a00000| Untracked 
|  59|0x0000000083b00000, 0x0000000083c00000, 0x0000000083c00000|100%| O|  |TAMS 0x0000000083c00000, 0x0000000083b00000| Untracked 
|  60|0x0000000083c00000, 0x0000000083d00000, 0x0000000083d00000|100%| O|  |TAMS 0x0000000083d00000, 0x0000000083c00000| Untracked 
|  61|0x0000000083d00000, 0x0000000083e00000, 0x0000000083e00000|100%| O|  |TAMS 0x0000000083e00000, 0x0000000083d00000| Untracked 
|  62|0x0000000083e00000, 0x0000000083f00000, 0x0000000083f00000|100%| O|  |TAMS 0x0000000083f00000, 0x0000000083e00000| Untracked 
|  63|0x0000000083f00000, 0x0000000084000000, 0x0000000084000000|100%| O|  |TAMS 0x0000000084000000, 0x0000000083f00000| Untracked 
|  64|0x0000000084000000, 0x0000000084100000, 0x0000000084100000|100%| O|  |TAMS 0x0000000084100000, 0x0000000084000000| Untracked 
|  65|0x0000000084100000, 0x0000000084200000, 0x0000000084200000|100%| O|  |TAMS 0x0000000084200000, 0x0000000084100000| Untracked 
|  66|0x0000000084200000, 0x0000000084300000, 0x0000000084300000|100%| O|  |TAMS 0x0000000084300000, 0x0000000084200000| Untracked 
|  67|0x0000000084300000, 0x0000000084400000, 0x0000000084400000|100%| O|  |TAMS 0x0000000084400000, 0x0000000084300000| Untracked 
|  68|0x0000000084400000, 0x0000000084500000, 0x0000000084500000|100%| O|  |TAMS 0x0000000084500000, 0x0000000084400000| Untracked 
|  69|0x0000000084500000, 0x0000000084600000, 0x0000000084600000|100%| O|  |TAMS 0x0000000084600000, 0x0000000084500000| Untracked 
|  70|0x0000000084600000, 0x0000000084700000, 0x0000000084700000|100%| O|  |TAMS 0x0000000084700000, 0x0000000084600000| Untracked 
|  71|0x0000000084700000, 0x0000000084800000, 0x0000000084800000|100%| O|  |TAMS 0x0000000084800000, 0x0000000084700000| Untracked 
|  72|0x0000000084800000, 0x0000000084900000, 0x0000000084900000|100%| O|  |TAMS 0x0000000084900000, 0x0000000084800000| Untracked 
|  73|0x0000000084900000, 0x0000000084a00000, 0x0000000084a00000|100%| O|  |TAMS 0x0000000084a00000, 0x0000000084900000| Untracked 
|  74|0x0000000084a00000, 0x0000000084b00000, 0x0000000084b00000|100%| O|  |TAMS 0x0000000084b00000, 0x0000000084a00000| Untracked 
|  75|0x0000000084b00000, 0x0000000084c00000, 0x0000000084c00000|100%| O|  |TAMS 0x0000000084c00000, 0x0000000084b00000| Untracked 
|  76|0x0000000084c00000, 0x0000000084d00000, 0x0000000084d00000|100%| O|  |TAMS 0x0000000084d00000, 0x0000000084c00000| Untracked 
|  77|0x0000000084d00000, 0x0000000084e00000, 0x0000000084e00000|100%| O|  |TAMS 0x0000000084e00000, 0x0000000084d00000| Untracked 
|  78|0x0000000084e00000, 0x0000000084f00000, 0x0000000084f00000|100%| O|  |TAMS 0x0000000084f00000, 0x0000000084e00000| Untracked 
|  79|0x0000000084f00000, 0x0000000085000000, 0x0000000085000000|100%| O|  |TAMS 0x0000000085000000, 0x0000000084f00000| Untracked 
|  80|0x0000000085000000, 0x0000000085100000, 0x0000000085100000|100%| O|  |TAMS 0x0000000085100000, 0x0000000085000000| Untracked 
|  81|0x0000000085100000, 0x0000000085200000, 0x0000000085200000|100%| O|  |TAMS 0x0000000085200000, 0x0000000085100000| Untracked 
|  82|0x0000000085200000, 0x0000000085300000, 0x0000000085300000|100%| O|  |TAMS 0x0000000085300000, 0x0000000085200000| Untracked 
|  83|0x0000000085300000, 0x0000000085400000, 0x0000000085400000|100%| O|  |TAMS 0x0000000085400000, 0x0000000085300000| Untracked 
|  84|0x0000000085400000, 0x0000000085500000, 0x0000000085500000|100%| O|  |TAMS 0x0000000085500000, 0x0000000085400000| Untracked 
|  85|0x0000000085500000, 0x0000000085600000, 0x0000000085600000|100%| O|  |TAMS 0x0000000085600000, 0x0000000085500000| Untracked 
|  86|0x0000000085600000, 0x0000000085700000, 0x0000000085700000|100%| O|  |TAMS 0x0000000085700000, 0x0000000085600000| Untracked 
|  87|0x0000000085700000, 0x0000000085800000, 0x0000000085800000|100%| O|  |TAMS 0x0000000085800000, 0x0000000085700000| Untracked 
|  88|0x0000000085800000, 0x0000000085900000, 0x0000000085900000|100%| O|  |TAMS 0x0000000085900000, 0x0000000085800000| Untracked 
|  89|0x0000000085900000, 0x0000000085a00000, 0x0000000085a00000|100%| O|  |TAMS 0x0000000085900000, 0x0000000085900000| Untracked 
|  90|0x0000000085a00000, 0x0000000085b00000, 0x0000000085b00000|100%| O|  |TAMS 0x0000000085b00000, 0x0000000085a00000| Untracked 
|  91|0x0000000085b00000, 0x0000000085c00000, 0x0000000085c00000|100%| O|  |TAMS 0x0000000085c00000, 0x0000000085b00000| Untracked 
|  92|0x0000000085c00000, 0x0000000085d00000, 0x0000000085d00000|100%| O|  |TAMS 0x0000000085d00000, 0x0000000085c00000| Untracked 
|  93|0x0000000085d00000, 0x0000000085e00000, 0x0000000085e00000|100%| O|  |TAMS 0x0000000085e00000, 0x0000000085d00000| Untracked 
|  94|0x0000000085e00000, 0x0000000085f00000, 0x0000000085f00000|100%| O|  |TAMS 0x0000000085f00000, 0x0000000085e00000| Untracked 
|  95|0x0000000085f00000, 0x0000000086000000, 0x0000000086000000|100%| O|  |TAMS 0x0000000086000000, 0x0000000085f00000| Untracked 
|  96|0x0000000086000000, 0x0000000086100000, 0x0000000086100000|100%| O|  |TAMS 0x0000000086100000, 0x0000000086000000| Untracked 
|  97|0x0000000086100000, 0x0000000086200000, 0x0000000086200000|100%| O|  |TAMS 0x0000000086200000, 0x0000000086100000| Untracked 
|  98|0x0000000086200000, 0x0000000086300000, 0x0000000086300000|100%| O|  |TAMS 0x0000000086300000, 0x0000000086200000| Untracked 
|  99|0x0000000086300000, 0x0000000086400000, 0x0000000086400000|100%| O|  |TAMS 0x0000000086400000, 0x0000000086300000| Untracked 
| 100|0x0000000086400000, 0x0000000086500000, 0x0000000086500000|100%| O|  |TAMS 0x0000000086500000, 0x0000000086400000| Untracked 
| 101|0x0000000086500000, 0x0000000086600000, 0x0000000086600000|100%| O|  |TAMS 0x0000000086600000, 0x0000000086500000| Untracked 
| 102|0x0000000086600000, 0x0000000086700000, 0x0000000086700000|100%| O|  |TAMS 0x0000000086700000, 0x0000000086600000| Untracked 
| 103|0x0000000086700000, 0x0000000086800000, 0x0000000086800000|100%| O|  |TAMS 0x0000000086800000, 0x0000000086700000| Untracked 
| 104|0x0000000086800000, 0x0000000086900000, 0x0000000086900000|100%| O|  |TAMS 0x0000000086900000, 0x0000000086800000| Untracked 
| 105|0x0000000086900000, 0x0000000086a00000, 0x0000000086a00000|100%| O|  |TAMS 0x0000000086993800, 0x0000000086900000| Untracked 
| 106|0x0000000086a00000, 0x0000000086b00000, 0x0000000086b00000|100%| O|  |TAMS 0x0000000086a00000, 0x0000000086a00000| Untracked 
| 107|0x0000000086b00000, 0x0000000086c00000, 0x0000000086c00000|100%| O|  |TAMS 0x0000000086b00000, 0x0000000086b00000| Untracked 
| 108|0x0000000086c00000, 0x0000000086d00000, 0x0000000086d00000|100%| O|  |TAMS 0x0000000086c00000, 0x0000000086c00000| Untracked 
| 109|0x0000000086d00000, 0x0000000086e00000, 0x0000000086e00000|100%| O|  |TAMS 0x0000000086d00000, 0x0000000086d00000| Untracked 
| 110|0x0000000086e00000, 0x0000000086f00000, 0x0000000086f00000|100%| O|  |TAMS 0x0000000086e00000, 0x0000000086e00000| Untracked 
| 111|0x0000000086f00000, 0x0000000087000000, 0x0000000087000000|100%| O|  |TAMS 0x0000000086f00000, 0x0000000086f00000| Untracked 
| 112|0x0000000087000000, 0x0000000087100000, 0x0000000087100000|100%| O|  |TAMS 0x0000000087000000, 0x0000000087000000| Untracked 
| 113|0x0000000087100000, 0x0000000087200000, 0x0000000087200000|100%| O|  |TAMS 0x0000000087100000, 0x0000000087100000| Untracked 
| 114|0x0000000087200000, 0x0000000087300000, 0x0000000087300000|100%| O|  |TAMS 0x0000000087200000, 0x0000000087200000| Untracked 
| 115|0x0000000087300000, 0x0000000087400000, 0x0000000087400000|100%| O|  |TAMS 0x0000000087300000, 0x0000000087300000| Untracked 
| 116|0x0000000087400000, 0x0000000087500000, 0x0000000087500000|100%| O|  |TAMS 0x0000000087400000, 0x0000000087400000| Untracked 
| 117|0x0000000087500000, 0x0000000087600000, 0x0000000087600000|100%| O|  |TAMS 0x0000000087500000, 0x0000000087500000| Untracked 
| 118|0x0000000087600000, 0x0000000087700000, 0x0000000087700000|100%| O|  |TAMS 0x0000000087600000, 0x0000000087600000| Untracked 
| 119|0x0000000087700000, 0x0000000087800000, 0x0000000087800000|100%| O|  |TAMS 0x0000000087700000, 0x0000000087700000| Untracked 
| 120|0x0000000087800000, 0x0000000087900000, 0x0000000087900000|100%|HS|  |TAMS 0x0000000087800000, 0x0000000087800000| Complete 
| 121|0x0000000087900000, 0x0000000087a00000, 0x0000000087a00000|100%| O|  |TAMS 0x0000000087900000, 0x0000000087900000| Untracked 
| 122|0x0000000087a00000, 0x0000000087b00000, 0x0000000087b00000|100%| O|  |TAMS 0x0000000087a00000, 0x0000000087a00000| Untracked 
| 123|0x0000000087b00000, 0x0000000087c00000, 0x0000000087c00000|100%| O|  |TAMS 0x0000000087b00000, 0x0000000087b00000| Untracked 
| 124|0x0000000087c00000, 0x0000000087d00000, 0x0000000087d00000|100%| O|  |TAMS 0x0000000087c00000, 0x0000000087c00000| Untracked 
| 125|0x0000000087d00000, 0x0000000087e00000, 0x0000000087e00000|100%| O|  |TAMS 0x0000000087d00000, 0x0000000087d00000| Untracked 
| 126|0x0000000087e00000, 0x0000000087f00000, 0x0000000087f00000|100%| O|  |TAMS 0x0000000087e00000, 0x0000000087e00000| Untracked 
| 127|0x0000000087f00000, 0x0000000088000000, 0x0000000088000000|100%| O|  |TAMS 0x0000000087f00000, 0x0000000087f00000| Untracked 
| 128|0x0000000088000000, 0x0000000088100000, 0x0000000088100000|100%| O|  |TAMS 0x0000000088000000, 0x0000000088000000| Untracked 
| 129|0x0000000088100000, 0x0000000088200000, 0x0000000088200000|100%| O|  |TAMS 0x0000000088100000, 0x0000000088100000| Untracked 
| 130|0x0000000088200000, 0x0000000088300000, 0x0000000088300000|100%| O|  |TAMS 0x0000000088200000, 0x0000000088200000| Untracked 
| 131|0x0000000088300000, 0x0000000088400000, 0x0000000088400000|100%| O|  |TAMS 0x0000000088300000, 0x0000000088300000| Untracked 
| 132|0x0000000088400000, 0x0000000088500000, 0x0000000088500000|100%| O|  |TAMS 0x0000000088400000, 0x0000000088400000| Untracked 
| 133|0x0000000088500000, 0x0000000088600000, 0x0000000088600000|100%| O|  |TAMS 0x0000000088500000, 0x0000000088500000| Untracked 
| 134|0x0000000088600000, 0x0000000088700000, 0x0000000088700000|100%| O|  |TAMS 0x0000000088600000, 0x0000000088600000| Untracked 
| 135|0x0000000088700000, 0x0000000088800000, 0x0000000088800000|100%| O|  |TAMS 0x0000000088700000, 0x0000000088700000| Untracked 
| 136|0x0000000088800000, 0x0000000088900000, 0x0000000088900000|100%| O|  |TAMS 0x0000000088800000, 0x0000000088800000| Untracked 
| 137|0x0000000088900000, 0x0000000088a00000, 0x0000000088a00000|100%| O|  |TAMS 0x0000000088900000, 0x0000000088900000| Untracked 
| 138|0x0000000088a00000, 0x0000000088b00000, 0x0000000088b00000|100%| O|  |TAMS 0x0000000088a00000, 0x0000000088a00000| Untracked 
| 139|0x0000000088b00000, 0x0000000088c00000, 0x0000000088c00000|100%| O|  |TAMS 0x0000000088b00000, 0x0000000088b00000| Untracked 
| 140|0x0000000088c00000, 0x0000000088d00000, 0x0000000088d00000|100%| O|  |TAMS 0x0000000088c00000, 0x0000000088c00000| Untracked 
| 141|0x0000000088d00000, 0x0000000088e00000, 0x0000000088e00000|100%| O|  |TAMS 0x0000000088d00000, 0x0000000088d00000| Untracked 
| 142|0x0000000088e00000, 0x0000000088f00000, 0x0000000088f00000|100%| O|  |TAMS 0x0000000088e00000, 0x0000000088e00000| Untracked 
| 143|0x0000000088f00000, 0x0000000089000000, 0x0000000089000000|100%| O|  |TAMS 0x0000000088f00000, 0x0000000088f00000| Untracked 
| 144|0x0000000089000000, 0x0000000089100000, 0x0000000089100000|100%| O|  |TAMS 0x0000000089000000, 0x0000000089000000| Untracked 
| 145|0x0000000089100000, 0x0000000089200000, 0x0000000089200000|100%| O|  |TAMS 0x0000000089100000, 0x0000000089100000| Untracked 
| 146|0x0000000089200000, 0x0000000089300000, 0x0000000089300000|100%| O|  |TAMS 0x0000000089200000, 0x0000000089200000| Untracked 
| 147|0x0000000089300000, 0x0000000089400000, 0x0000000089400000|100%| O|  |TAMS 0x0000000089300000, 0x0000000089300000| Untracked 
| 148|0x0000000089400000, 0x0000000089500000, 0x0000000089500000|100%| O|  |TAMS 0x0000000089400000, 0x0000000089400000| Untracked 
| 149|0x0000000089500000, 0x0000000089600000, 0x0000000089600000|100%| O|  |TAMS 0x0000000089500000, 0x0000000089500000| Untracked 
| 150|0x0000000089600000, 0x0000000089700000, 0x0000000089700000|100%| O|  |TAMS 0x0000000089600000, 0x0000000089600000| Untracked 
| 151|0x0000000089700000, 0x0000000089800000, 0x0000000089800000|100%| O|  |TAMS 0x0000000089700000, 0x0000000089700000| Untracked 
| 152|0x0000000089800000, 0x0000000089900000, 0x0000000089900000|100%|HS|  |TAMS 0x0000000089800000, 0x0000000089800000| Complete 
| 153|0x0000000089900000, 0x0000000089a00000, 0x0000000089a00000|100%| O|  |TAMS 0x0000000089900000, 0x0000000089900000| Untracked 
| 154|0x0000000089a00000, 0x0000000089b00000, 0x0000000089b00000|100%| O|  |TAMS 0x0000000089a00000, 0x0000000089a00000| Untracked 
| 155|0x0000000089b00000, 0x0000000089c00000, 0x0000000089c00000|100%| O|  |TAMS 0x0000000089b00000, 0x0000000089b00000| Untracked 
| 156|0x0000000089c00000, 0x0000000089d00000, 0x0000000089d00000|100%| O|  |TAMS 0x0000000089c00000, 0x0000000089c00000| Untracked 
| 157|0x0000000089d00000, 0x0000000089e00000, 0x0000000089e00000|100%| O|  |TAMS 0x0000000089d00000, 0x0000000089d00000| Untracked 
| 158|0x0000000089e00000, 0x0000000089f00000, 0x0000000089f00000|100%| O|  |TAMS 0x0000000089e00000, 0x0000000089e00000| Untracked 
| 159|0x0000000089f00000, 0x000000008a000000, 0x000000008a000000|100%| O|  |TAMS 0x0000000089f00000, 0x0000000089f00000| Untracked 
| 160|0x000000008a000000, 0x000000008a100000, 0x000000008a100000|100%| O|  |TAMS 0x000000008a000000, 0x000000008a000000| Untracked 
| 161|0x000000008a100000, 0x000000008a200000, 0x000000008a200000|100%| O|  |TAMS 0x000000008a100000, 0x000000008a100000| Untracked 
| 162|0x000000008a200000, 0x000000008a300000, 0x000000008a300000|100%| O|  |TAMS 0x000000008a200000, 0x000000008a200000| Untracked 
| 163|0x000000008a300000, 0x000000008a400000, 0x000000008a400000|100%| O|  |TAMS 0x000000008a300000, 0x000000008a300000| Untracked 
| 164|0x000000008a400000, 0x000000008a500000, 0x000000008a500000|100%| O|  |TAMS 0x000000008a400000, 0x000000008a400000| Untracked 
| 165|0x000000008a500000, 0x000000008a600000, 0x000000008a600000|100%| O|  |TAMS 0x000000008a500000, 0x000000008a500000| Untracked 
| 166|0x000000008a600000, 0x000000008a700000, 0x000000008a700000|100%| O|  |TAMS 0x000000008a600000, 0x000000008a600000| Untracked 
| 167|0x000000008a700000, 0x000000008a800000, 0x000000008a800000|100%| O|  |TAMS 0x000000008a700000, 0x000000008a700000| Untracked 
| 168|0x000000008a800000, 0x000000008a900000, 0x000000008a900000|100%| O|  |TAMS 0x000000008a800000, 0x000000008a800000| Untracked 
| 169|0x000000008a900000, 0x000000008aa00000, 0x000000008aa00000|100%| O|  |TAMS 0x000000008a900000, 0x000000008a900000| Untracked 
| 170|0x000000008aa00000, 0x000000008ab00000, 0x000000008ab00000|100%| O|  |TAMS 0x000000008aa00000, 0x000000008aa00000| Untracked 
| 171|0x000000008ab00000, 0x000000008ac00000, 0x000000008ac00000|100%| O|  |TAMS 0x000000008ab00000, 0x000000008ab00000| Untracked 
| 172|0x000000008ac00000, 0x000000008ad00000, 0x000000008ad00000|100%| O|  |TAMS 0x000000008ac00000, 0x000000008ac00000| Untracked 
| 173|0x000000008ad00000, 0x000000008ae00000, 0x000000008ae00000|100%| O|  |TAMS 0x000000008ad00000, 0x000000008ad00000| Untracked 
| 174|0x000000008ae00000, 0x000000008af00000, 0x000000008af00000|100%| O|  |TAMS 0x000000008ae00000, 0x000000008ae00000| Untracked 
| 175|0x000000008af00000, 0x000000008b000000, 0x000000008b000000|100%| O|  |TAMS 0x000000008af00000, 0x000000008af00000| Untracked 
| 176|0x000000008b000000, 0x000000008b100000, 0x000000008b100000|100%| O|  |TAMS 0x000000008b000000, 0x000000008b000000| Untracked 
| 177|0x000000008b100000, 0x000000008b200000, 0x000000008b200000|100%| O|  |TAMS 0x000000008b100000, 0x000000008b100000| Untracked 
| 178|0x000000008b200000, 0x000000008b300000, 0x000000008b300000|100%| O|  |TAMS 0x000000008b200000, 0x000000008b200000| Untracked 
| 179|0x000000008b300000, 0x000000008b400000, 0x000000008b400000|100%| O|  |TAMS 0x000000008b300000, 0x000000008b300000| Untracked 
| 180|0x000000008b400000, 0x000000008b500000, 0x000000008b500000|100%| O|  |TAMS 0x000000008b400000, 0x000000008b400000| Untracked 
| 181|0x000000008b500000, 0x000000008b600000, 0x000000008b600000|100%| O|  |TAMS 0x000000008b500000, 0x000000008b500000| Untracked 
| 182|0x000000008b600000, 0x000000008b700000, 0x000000008b700000|100%| O|  |TAMS 0x000000008b600000, 0x000000008b600000| Untracked 
| 183|0x000000008b700000, 0x000000008b800000, 0x000000008b800000|100%| O|  |TAMS 0x000000008b700000, 0x000000008b700000| Untracked 
| 184|0x000000008b800000, 0x000000008b900000, 0x000000008b900000|100%| O|  |TAMS 0x000000008b800000, 0x000000008b800000| Untracked 
| 185|0x000000008b900000, 0x000000008ba00000, 0x000000008ba00000|100%| O|  |TAMS 0x000000008b900000, 0x000000008b900000| Untracked 
| 186|0x000000008ba00000, 0x000000008bb00000, 0x000000008bb00000|100%| O|  |TAMS 0x000000008ba00000, 0x000000008ba00000| Untracked 
| 187|0x000000008bb00000, 0x000000008bc00000, 0x000000008bc00000|100%| O|  |TAMS 0x000000008bb00000, 0x000000008bb00000| Untracked 
| 188|0x000000008bc00000, 0x000000008bd00000, 0x000000008bd00000|100%| O|  |TAMS 0x000000008bc00000, 0x000000008bc00000| Untracked 
| 189|0x000000008bd00000, 0x000000008be00000, 0x000000008be00000|100%| O|  |TAMS 0x000000008bd00000, 0x000000008bd00000| Untracked 
| 190|0x000000008be00000, 0x000000008bf00000, 0x000000008bf00000|100%| O|  |TAMS 0x000000008be00000, 0x000000008be00000| Untracked 
| 191|0x000000008bf00000, 0x000000008c000000, 0x000000008c000000|100%| O|  |TAMS 0x000000008bf00000, 0x000000008bf00000| Untracked 
| 192|0x000000008c000000, 0x000000008c100000, 0x000000008c100000|100%| O|  |TAMS 0x000000008c000000, 0x000000008c000000| Untracked 
| 193|0x000000008c100000, 0x000000008c200000, 0x000000008c200000|100%| O|  |TAMS 0x000000008c100000, 0x000000008c100000| Untracked 
| 194|0x000000008c200000, 0x000000008c300000, 0x000000008c300000|100%| O|  |TAMS 0x000000008c200000, 0x000000008c200000| Untracked 
| 195|0x000000008c300000, 0x000000008c400000, 0x000000008c400000|100%| O|  |TAMS 0x000000008c300000, 0x000000008c300000| Untracked 
| 196|0x000000008c400000, 0x000000008c500000, 0x000000008c500000|100%| O|  |TAMS 0x000000008c400000, 0x000000008c400000| Untracked 
| 197|0x000000008c500000, 0x000000008c600000, 0x000000008c600000|100%| O|  |TAMS 0x000000008c500000, 0x000000008c500000| Untracked 
| 198|0x000000008c600000, 0x000000008c700000, 0x000000008c700000|100%| O|  |TAMS 0x000000008c600000, 0x000000008c600000| Untracked 
| 199|0x000000008c700000, 0x000000008c800000, 0x000000008c800000|100%| O|  |TAMS 0x000000008c700000, 0x000000008c700000| Untracked 
| 200|0x000000008c800000, 0x000000008c900000, 0x000000008c900000|100%| O|  |TAMS 0x000000008c800000, 0x000000008c800000| Untracked 
| 201|0x000000008c900000, 0x000000008ca00000, 0x000000008ca00000|100%| O|  |TAMS 0x000000008c900000, 0x000000008c900000| Untracked 
| 202|0x000000008ca00000, 0x000000008cb00000, 0x000000008cb00000|100%| O|  |TAMS 0x000000008ca00000, 0x000000008ca00000| Untracked 
| 203|0x000000008cb00000, 0x000000008cc00000, 0x000000008cc00000|100%| O|  |TAMS 0x000000008cb00000, 0x000000008cb00000| Untracked 
| 204|0x000000008cc00000, 0x000000008cd00000, 0x000000008cd00000|100%| O|  |TAMS 0x000000008cc00000, 0x000000008cc00000| Untracked 
| 205|0x000000008cd00000, 0x000000008ce00000, 0x000000008ce00000|100%| O|  |TAMS 0x000000008cd00000, 0x000000008cd00000| Untracked 
| 206|0x000000008ce00000, 0x000000008cf00000, 0x000000008cf00000|100%| O|  |TAMS 0x000000008ce00000, 0x000000008ce00000| Untracked 
| 207|0x000000008cf00000, 0x000000008d000000, 0x000000008d000000|100%| O|  |TAMS 0x000000008cf00000, 0x000000008cf00000| Untracked 
| 208|0x000000008d000000, 0x000000008d100000, 0x000000008d100000|100%| O|  |TAMS 0x000000008d000000, 0x000000008d000000| Untracked 
| 209|0x000000008d100000, 0x000000008d200000, 0x000000008d200000|100%| O|  |TAMS 0x000000008d100000, 0x000000008d100000| Untracked 
| 210|0x000000008d200000, 0x000000008d300000, 0x000000008d300000|100%| O|  |TAMS 0x000000008d200000, 0x000000008d200000| Untracked 
| 211|0x000000008d300000, 0x000000008d400000, 0x000000008d400000|100%| O|  |TAMS 0x000000008d300000, 0x000000008d300000| Untracked 
| 212|0x000000008d400000, 0x000000008d500000, 0x000000008d500000|100%| O|  |TAMS 0x000000008d400000, 0x000000008d400000| Untracked 
| 213|0x000000008d500000, 0x000000008d600000, 0x000000008d600000|100%| O|  |TAMS 0x000000008d500000, 0x000000008d500000| Untracked 
| 214|0x000000008d600000, 0x000000008d700000, 0x000000008d700000|100%| O|  |TAMS 0x000000008d600000, 0x000000008d600000| Untracked 
| 215|0x000000008d700000, 0x000000008d800000, 0x000000008d800000|100%| O|  |TAMS 0x000000008d700000, 0x000000008d700000| Untracked 
| 216|0x000000008d800000, 0x000000008d900000, 0x000000008d900000|100%| O|  |TAMS 0x000000008d800000, 0x000000008d800000| Untracked 
| 217|0x000000008d900000, 0x000000008da00000, 0x000000008da00000|100%| O|  |TAMS 0x000000008d900000, 0x000000008d900000| Untracked 
| 218|0x000000008da00000, 0x000000008db00000, 0x000000008db00000|100%| O|  |TAMS 0x000000008da00000, 0x000000008da00000| Untracked 
| 219|0x000000008db00000, 0x000000008dc00000, 0x000000008dc00000|100%| O|  |TAMS 0x000000008db00000, 0x000000008db00000| Untracked 
| 220|0x000000008dc00000, 0x000000008dd00000, 0x000000008dd00000|100%| O|  |TAMS 0x000000008dc00000, 0x000000008dc00000| Untracked 
| 221|0x000000008dd00000, 0x000000008de00000, 0x000000008de00000|100%| O|  |TAMS 0x000000008dd00000, 0x000000008dd00000| Untracked 
| 222|0x000000008de00000, 0x000000008df00000, 0x000000008df00000|100%| O|  |TAMS 0x000000008de00000, 0x000000008de00000| Untracked 
| 223|0x000000008df00000, 0x000000008e000000, 0x000000008e000000|100%| O|  |TAMS 0x000000008df00000, 0x000000008df00000| Untracked 
| 224|0x000000008e000000, 0x000000008e100000, 0x000000008e100000|100%| O|  |TAMS 0x000000008e000000, 0x000000008e000000| Untracked 
| 225|0x000000008e100000, 0x000000008e200000, 0x000000008e200000|100%| O|  |TAMS 0x000000008e100000, 0x000000008e100000| Untracked 
| 226|0x000000008e200000, 0x000000008e300000, 0x000000008e300000|100%| O|  |TAMS 0x000000008e200000, 0x000000008e200000| Untracked 
| 227|0x000000008e300000, 0x000000008e400000, 0x000000008e400000|100%| O|  |TAMS 0x000000008e300000, 0x000000008e300000| Untracked 
| 228|0x000000008e400000, 0x000000008e500000, 0x000000008e500000|100%| O|  |TAMS 0x000000008e400000, 0x000000008e400000| Untracked 
| 229|0x000000008e500000, 0x000000008e600000, 0x000000008e600000|100%| O|  |TAMS 0x000000008e500000, 0x000000008e500000| Untracked 
| 230|0x000000008e600000, 0x000000008e700000, 0x000000008e700000|100%| O|  |TAMS 0x000000008e600000, 0x000000008e600000| Untracked 
| 231|0x000000008e700000, 0x000000008e800000, 0x000000008e800000|100%| O|  |TAMS 0x000000008e700000, 0x000000008e700000| Untracked 
| 232|0x000000008e800000, 0x000000008e900000, 0x000000008e900000|100%| O|  |TAMS 0x000000008e800000, 0x000000008e800000| Untracked 
| 233|0x000000008e900000, 0x000000008ea00000, 0x000000008ea00000|100%| O|  |TAMS 0x000000008e900000, 0x000000008e900000| Untracked 
| 234|0x000000008ea00000, 0x000000008eb00000, 0x000000008eb00000|100%| O|  |TAMS 0x000000008ea00000, 0x000000008ea00000| Untracked 
| 235|0x000000008eb00000, 0x000000008ec00000, 0x000000008ec00000|100%| O|  |TAMS 0x000000008eb00000, 0x000000008eb00000| Untracked 
| 236|0x000000008ec00000, 0x000000008ed00000, 0x000000008ed00000|100%| O|  |TAMS 0x000000008ec00000, 0x000000008ec00000| Untracked 
| 237|0x000000008ed00000, 0x000000008ee00000, 0x000000008ee00000|100%| O|  |TAMS 0x000000008ed00000, 0x000000008ed00000| Untracked 
| 238|0x000000008ee00000, 0x000000008ef00000, 0x000000008ef00000|100%| O|  |TAMS 0x000000008ee00000, 0x000000008ee00000| Untracked 
| 239|0x000000008ef00000, 0x000000008f000000, 0x000000008f000000|100%| O|  |TAMS 0x000000008ef00000, 0x000000008ef00000| Untracked 
| 240|0x000000008f000000, 0x000000008f100000, 0x000000008f100000|100%| O|  |TAMS 0x000000008f000000, 0x000000008f000000| Untracked 
| 241|0x000000008f100000, 0x000000008f200000, 0x000000008f200000|100%| O|  |TAMS 0x000000008f100000, 0x000000008f100000| Untracked 
| 242|0x000000008f200000, 0x000000008f300000, 0x000000008f300000|100%| O|  |TAMS 0x000000008f200000, 0x000000008f200000| Untracked 
| 243|0x000000008f300000, 0x000000008f400000, 0x000000008f400000|100%| O|  |TAMS 0x000000008f300000, 0x000000008f300000| Untracked 
| 244|0x000000008f400000, 0x000000008f500000, 0x000000008f500000|100%| O|  |TAMS 0x000000008f400000, 0x000000008f400000| Untracked 
| 245|0x000000008f500000, 0x000000008f600000, 0x000000008f600000|100%| O|  |TAMS 0x000000008f500000, 0x000000008f500000| Untracked 
| 246|0x000000008f600000, 0x000000008f700000, 0x000000008f700000|100%| O|  |TAMS 0x000000008f600000, 0x000000008f600000| Untracked 
| 247|0x000000008f700000, 0x000000008f800000, 0x000000008f800000|100%| O|  |TAMS 0x000000008f700000, 0x000000008f700000| Untracked 
| 248|0x000000008f800000, 0x000000008f900000, 0x000000008f900000|100%| O|  |TAMS 0x000000008f800000, 0x000000008f800000| Untracked 
| 249|0x000000008f900000, 0x000000008fa00000, 0x000000008fa00000|100%| O|  |TAMS 0x000000008f900000, 0x000000008f900000| Untracked 
| 250|0x000000008fa00000, 0x000000008fb00000, 0x000000008fb00000|100%| O|  |TAMS 0x000000008fa00000, 0x000000008fa00000| Untracked 
| 251|0x000000008fb00000, 0x000000008fc00000, 0x000000008fc00000|100%| O|  |TAMS 0x000000008fb00000, 0x000000008fb00000| Untracked 
| 252|0x000000008fc00000, 0x000000008fd00000, 0x000000008fd00000|100%| O|  |TAMS 0x000000008fc00000, 0x000000008fc00000| Untracked 
| 253|0x000000008fd00000, 0x000000008fe00000, 0x000000008fe00000|100%| O|  |TAMS 0x000000008fd00000, 0x000000008fd00000| Untracked 
| 254|0x000000008fe00000, 0x000000008ff00000, 0x000000008ff00000|100%| O|  |TAMS 0x000000008fe00000, 0x000000008fe00000| Untracked 
| 255|0x000000008ff00000, 0x0000000090000000, 0x0000000090000000|100%| O|  |TAMS 0x000000008ff00000, 0x000000008ff00000| Untracked 
| 256|0x0000000090000000, 0x0000000090100000, 0x0000000090100000|100%| O|  |TAMS 0x0000000090000000, 0x0000000090000000| Untracked 
| 257|0x0000000090100000, 0x0000000090200000, 0x0000000090200000|100%| O|  |TAMS 0x0000000090100000, 0x0000000090100000| Untracked 
| 258|0x0000000090200000, 0x0000000090300000, 0x0000000090300000|100%| O|  |TAMS 0x0000000090200000, 0x0000000090200000| Untracked 
| 259|0x0000000090300000, 0x0000000090400000, 0x0000000090400000|100%| O|  |TAMS 0x0000000090300000, 0x0000000090300000| Untracked 
| 260|0x0000000090400000, 0x0000000090500000, 0x0000000090500000|100%| O|  |TAMS 0x0000000090400000, 0x0000000090400000| Untracked 
| 261|0x0000000090500000, 0x0000000090600000, 0x0000000090600000|100%| O|  |TAMS 0x0000000090500000, 0x0000000090500000| Untracked 
| 262|0x0000000090600000, 0x0000000090700000, 0x0000000090700000|100%| O|  |TAMS 0x0000000090600000, 0x0000000090600000| Untracked 
| 263|0x0000000090700000, 0x0000000090800000, 0x0000000090800000|100%| O|  |TAMS 0x0000000090700000, 0x0000000090700000| Untracked 
| 264|0x0000000090800000, 0x0000000090900000, 0x0000000090900000|100%| O|  |TAMS 0x0000000090800000, 0x0000000090800000| Untracked 
| 265|0x0000000090900000, 0x0000000090a00000, 0x0000000090a00000|100%| O|  |TAMS 0x0000000090900000, 0x0000000090900000| Untracked 
| 266|0x0000000090a00000, 0x0000000090b00000, 0x0000000090b00000|100%| O|  |TAMS 0x0000000090a00000, 0x0000000090a00000| Untracked 
| 267|0x0000000090b00000, 0x0000000090c00000, 0x0000000090c00000|100%| O|  |TAMS 0x0000000090b00000, 0x0000000090b00000| Untracked 
| 268|0x0000000090c00000, 0x0000000090d00000, 0x0000000090d00000|100%| O|  |TAMS 0x0000000090c00000, 0x0000000090c00000| Untracked 
| 269|0x0000000090d00000, 0x0000000090e00000, 0x0000000090e00000|100%| O|  |TAMS 0x0000000090d00000, 0x0000000090d00000| Untracked 
| 270|0x0000000090e00000, 0x0000000090f00000, 0x0000000090f00000|100%| O|  |TAMS 0x0000000090e00000, 0x0000000090e00000| Untracked 
| 271|0x0000000090f00000, 0x0000000091000000, 0x0000000091000000|100%| O|  |TAMS 0x0000000090f00000, 0x0000000090f00000| Untracked 
| 272|0x0000000091000000, 0x0000000091100000, 0x0000000091100000|100%| O|  |TAMS 0x0000000091000000, 0x0000000091000000| Untracked 
| 273|0x0000000091100000, 0x0000000091200000, 0x0000000091200000|100%| O|  |TAMS 0x0000000091100000, 0x0000000091100000| Untracked 
| 274|0x0000000091200000, 0x0000000091300000, 0x0000000091300000|100%| O|  |TAMS 0x0000000091200000, 0x0000000091200000| Untracked 
| 275|0x0000000091300000, 0x0000000091400000, 0x0000000091400000|100%| O|  |TAMS 0x0000000091300000, 0x0000000091300000| Untracked 
| 276|0x0000000091400000, 0x0000000091500000, 0x0000000091500000|100%| O|  |TAMS 0x0000000091400000, 0x0000000091400000| Untracked 
| 277|0x0000000091500000, 0x0000000091600000, 0x0000000091600000|100%| O|  |TAMS 0x0000000091500000, 0x0000000091500000| Untracked 
| 278|0x0000000091600000, 0x0000000091700000, 0x0000000091700000|100%| O|  |TAMS 0x0000000091600000, 0x0000000091600000| Untracked 
| 279|0x0000000091700000, 0x0000000091800000, 0x0000000091800000|100%| O|  |TAMS 0x0000000091700000, 0x0000000091700000| Untracked 
| 280|0x0000000091800000, 0x0000000091900000, 0x0000000091900000|100%| O|  |TAMS 0x0000000091800000, 0x0000000091800000| Untracked 
| 281|0x0000000091900000, 0x0000000091a00000, 0x0000000091a00000|100%| O|  |TAMS 0x0000000091900000, 0x0000000091900000| Untracked 
| 282|0x0000000091a00000, 0x0000000091b00000, 0x0000000091b00000|100%| O|  |TAMS 0x0000000091a00000, 0x0000000091a00000| Untracked 
| 283|0x0000000091b00000, 0x0000000091c00000, 0x0000000091c00000|100%| O|  |TAMS 0x0000000091b00000, 0x0000000091b00000| Untracked 
| 284|0x0000000091c00000, 0x0000000091d00000, 0x0000000091d00000|100%| O|  |TAMS 0x0000000091c00000, 0x0000000091c00000| Untracked 
| 285|0x0000000091d00000, 0x0000000091e00000, 0x0000000091e00000|100%| O|  |TAMS 0x0000000091d00000, 0x0000000091d00000| Untracked 
| 286|0x0000000091e00000, 0x0000000091f00000, 0x0000000091f00000|100%| O|  |TAMS 0x0000000091e00000, 0x0000000091e00000| Untracked 
| 287|0x0000000091f00000, 0x0000000092000000, 0x0000000092000000|100%| O|  |TAMS 0x0000000091f00000, 0x0000000091f00000| Untracked 
| 288|0x0000000092000000, 0x0000000092100000, 0x0000000092100000|100%| O|  |TAMS 0x0000000092000000, 0x0000000092000000| Untracked 
| 289|0x0000000092100000, 0x0000000092200000, 0x0000000092200000|100%| O|  |TAMS 0x0000000092100000, 0x0000000092100000| Untracked 
| 290|0x0000000092200000, 0x0000000092300000, 0x0000000092300000|100%| O|  |TAMS 0x0000000092200000, 0x0000000092200000| Untracked 
| 291|0x0000000092300000, 0x0000000092400000, 0x0000000092400000|100%| O|  |TAMS 0x0000000092300000, 0x0000000092300000| Untracked 
| 292|0x0000000092400000, 0x0000000092500000, 0x0000000092500000|100%| O|  |TAMS 0x0000000092400000, 0x0000000092400000| Untracked 
| 293|0x0000000092500000, 0x0000000092600000, 0x0000000092600000|100%| O|  |TAMS 0x0000000092500000, 0x0000000092500000| Untracked 
| 294|0x0000000092600000, 0x0000000092700000, 0x0000000092700000|100%| O|  |TAMS 0x0000000092600000, 0x0000000092600000| Untracked 
| 295|0x0000000092700000, 0x0000000092800000, 0x0000000092800000|100%| O|  |TAMS 0x0000000092700000, 0x0000000092700000| Untracked 
| 296|0x0000000092800000, 0x0000000092900000, 0x0000000092900000|100%| O|  |TAMS 0x0000000092800000, 0x0000000092800000| Untracked 
| 297|0x0000000092900000, 0x0000000092a00000, 0x0000000092a00000|100%| O|  |TAMS 0x0000000092900000, 0x0000000092900000| Untracked 
| 298|0x0000000092a00000, 0x0000000092b00000, 0x0000000092b00000|100%| O|  |TAMS 0x0000000092a00000, 0x0000000092a00000| Untracked 
| 299|0x0000000092b00000, 0x0000000092c00000, 0x0000000092c00000|100%| O|  |TAMS 0x0000000092b00000, 0x0000000092b00000| Untracked 
| 300|0x0000000092c00000, 0x0000000092d00000, 0x0000000092d00000|100%| O|  |TAMS 0x0000000092c00000, 0x0000000092c00000| Untracked 
| 301|0x0000000092d00000, 0x0000000092dd1600, 0x0000000092e00000| 81%| O|  |TAMS 0x0000000092d00000, 0x0000000092d00000| Untracked 
| 302|0x0000000092e00000, 0x0000000092f00000, 0x0000000092f00000|100%|HS|  |TAMS 0x0000000092e00000, 0x0000000092e00000| Complete 
| 303|0x0000000092f00000, 0x0000000092f00000, 0x0000000093000000|  0%| F|  |TAMS 0x0000000092f00000, 0x0000000092f00000| Untracked 
| 304|0x0000000093000000, 0x0000000093000000, 0x0000000093100000|  0%| F|  |TAMS 0x0000000093000000, 0x0000000093000000| Untracked 
| 305|0x0000000093100000, 0x0000000093100000, 0x0000000093200000|  0%| F|  |TAMS 0x0000000093100000, 0x0000000093100000| Untracked 
| 306|0x0000000093200000, 0x0000000093200000, 0x0000000093300000|  0%| F|  |TAMS 0x0000000093200000, 0x0000000093200000| Untracked 
| 307|0x0000000093300000, 0x0000000093300000, 0x0000000093400000|  0%| F|  |TAMS 0x0000000093300000, 0x0000000093300000| Untracked 
| 308|0x0000000093400000, 0x0000000093400000, 0x0000000093500000|  0%| F|  |TAMS 0x0000000093400000, 0x0000000093400000| Untracked 
| 309|0x0000000093500000, 0x0000000093500000, 0x0000000093600000|  0%| F|  |TAMS 0x0000000093500000, 0x0000000093500000| Untracked 
| 310|0x0000000093600000, 0x0000000093600000, 0x0000000093700000|  0%| F|  |TAMS 0x0000000093600000, 0x0000000093600000| Untracked 
| 311|0x0000000093700000, 0x0000000093700000, 0x0000000093800000|  0%| F|  |TAMS 0x0000000093700000, 0x0000000093700000| Untracked 
| 312|0x0000000093800000, 0x0000000093800000, 0x0000000093900000|  0%| F|  |TAMS 0x0000000093800000, 0x0000000093800000| Untracked 
| 313|0x0000000093900000, 0x0000000093900000, 0x0000000093a00000|  0%| F|  |TAMS 0x0000000093900000, 0x0000000093900000| Untracked 
| 314|0x0000000093a00000, 0x0000000093a00000, 0x0000000093b00000|  0%| F|  |TAMS 0x0000000093a00000, 0x0000000093a00000| Untracked 
| 315|0x0000000093b00000, 0x0000000093b00000, 0x0000000093c00000|  0%| F|  |TAMS 0x0000000093b00000, 0x0000000093b00000| Untracked 
| 316|0x0000000093c00000, 0x0000000093c00000, 0x0000000093d00000|  0%| F|  |TAMS 0x0000000093c00000, 0x0000000093c00000| Untracked 
| 317|0x0000000093d00000, 0x0000000093d00000, 0x0000000093e00000|  0%| F|  |TAMS 0x0000000093d00000, 0x0000000093d00000| Untracked 
| 318|0x0000000093e00000, 0x0000000093e00000, 0x0000000093f00000|  0%| F|  |TAMS 0x0000000093e00000, 0x0000000093e00000| Untracked 
| 319|0x0000000093f00000, 0x0000000093f00000, 0x0000000094000000|  0%| F|  |TAMS 0x0000000093f00000, 0x0000000093f00000| Untracked 
| 320|0x0000000094000000, 0x0000000094000000, 0x0000000094100000|  0%| F|  |TAMS 0x0000000094000000, 0x0000000094000000| Untracked 
| 321|0x0000000094100000, 0x0000000094100000, 0x0000000094200000|  0%| F|  |TAMS 0x0000000094100000, 0x0000000094100000| Untracked 
| 322|0x0000000094200000, 0x0000000094200000, 0x0000000094300000|  0%| F|  |TAMS 0x0000000094200000, 0x0000000094200000| Untracked 
| 323|0x0000000094300000, 0x0000000094300000, 0x0000000094400000|  0%| F|  |TAMS 0x0000000094300000, 0x0000000094300000| Untracked 
| 324|0x0000000094400000, 0x0000000094400000, 0x0000000094500000|  0%| F|  |TAMS 0x0000000094400000, 0x0000000094400000| Untracked 
| 325|0x0000000094500000, 0x0000000094500000, 0x0000000094600000|  0%| F|  |TAMS 0x0000000094500000, 0x0000000094500000| Untracked 
| 326|0x0000000094600000, 0x0000000094600000, 0x0000000094700000|  0%| F|  |TAMS 0x0000000094600000, 0x0000000094600000| Untracked 
| 327|0x0000000094700000, 0x0000000094700000, 0x0000000094800000|  0%| F|  |TAMS 0x0000000094700000, 0x0000000094700000| Untracked 
| 328|0x0000000094800000, 0x0000000094800000, 0x0000000094900000|  0%| F|  |TAMS 0x0000000094800000, 0x0000000094800000| Untracked 
| 329|0x0000000094900000, 0x0000000094900000, 0x0000000094a00000|  0%| F|  |TAMS 0x0000000094900000, 0x0000000094900000| Untracked 
| 330|0x0000000094a00000, 0x0000000094a00000, 0x0000000094b00000|  0%| F|  |TAMS 0x0000000094a00000, 0x0000000094a00000| Untracked 
| 331|0x0000000094b00000, 0x0000000094b00000, 0x0000000094c00000|  0%| F|  |TAMS 0x0000000094b00000, 0x0000000094b00000| Untracked 
| 332|0x0000000094c00000, 0x0000000094c00000, 0x0000000094d00000|  0%| F|  |TAMS 0x0000000094c00000, 0x0000000094c00000| Untracked 
| 333|0x0000000094d00000, 0x0000000094d00000, 0x0000000094e00000|  0%| F|  |TAMS 0x0000000094d00000, 0x0000000094d00000| Untracked 
| 334|0x0000000094e00000, 0x0000000094e00000, 0x0000000094f00000|  0%| F|  |TAMS 0x0000000094e00000, 0x0000000094e00000| Untracked 
| 335|0x0000000094f00000, 0x0000000094f00000, 0x0000000095000000|  0%| F|  |TAMS 0x0000000094f00000, 0x0000000094f00000| Untracked 
| 336|0x0000000095000000, 0x0000000095000000, 0x0000000095100000|  0%| F|  |TAMS 0x0000000095000000, 0x0000000095000000| Untracked 
| 337|0x0000000095100000, 0x0000000095100000, 0x0000000095200000|  0%| F|  |TAMS 0x0000000095100000, 0x0000000095100000| Untracked 
| 338|0x0000000095200000, 0x0000000095200000, 0x0000000095300000|  0%| F|  |TAMS 0x0000000095200000, 0x0000000095200000| Untracked 
| 339|0x0000000095300000, 0x0000000095300000, 0x0000000095400000|  0%| F|  |TAMS 0x0000000095300000, 0x0000000095300000| Untracked 
| 340|0x0000000095400000, 0x0000000095400000, 0x0000000095500000|  0%| F|  |TAMS 0x0000000095400000, 0x0000000095400000| Untracked 
| 341|0x0000000095500000, 0x0000000095500000, 0x0000000095600000|  0%| F|  |TAMS 0x0000000095500000, 0x0000000095500000| Untracked 
| 342|0x0000000095600000, 0x0000000095600000, 0x0000000095700000|  0%| F|  |TAMS 0x0000000095600000, 0x0000000095600000| Untracked 
| 343|0x0000000095700000, 0x0000000095700000, 0x0000000095800000|  0%| F|  |TAMS 0x0000000095700000, 0x0000000095700000| Untracked 
| 344|0x0000000095800000, 0x0000000095800000, 0x0000000095900000|  0%| F|  |TAMS 0x0000000095800000, 0x0000000095800000| Untracked 
| 345|0x0000000095900000, 0x0000000095900000, 0x0000000095a00000|  0%| F|  |TAMS 0x0000000095900000, 0x0000000095900000| Untracked 
| 346|0x0000000095a00000, 0x0000000095a00000, 0x0000000095b00000|  0%| F|  |TAMS 0x0000000095a00000, 0x0000000095a00000| Untracked 
| 347|0x0000000095b00000, 0x0000000095b00000, 0x0000000095c00000|  0%| F|  |TAMS 0x0000000095b00000, 0x0000000095b00000| Untracked 
| 348|0x0000000095c00000, 0x0000000095c00000, 0x0000000095d00000|  0%| F|  |TAMS 0x0000000095c00000, 0x0000000095c00000| Untracked 
| 349|0x0000000095d00000, 0x0000000095d00000, 0x0000000095e00000|  0%| F|  |TAMS 0x0000000095d00000, 0x0000000095d00000| Untracked 
| 350|0x0000000095e00000, 0x0000000095e00000, 0x0000000095f00000|  0%| F|  |TAMS 0x0000000095e00000, 0x0000000095e00000| Untracked 
| 351|0x0000000095f00000, 0x0000000095f00000, 0x0000000096000000|  0%| F|  |TAMS 0x0000000095f00000, 0x0000000095f00000| Untracked 
| 352|0x0000000096000000, 0x0000000096000000, 0x0000000096100000|  0%| F|  |TAMS 0x0000000096000000, 0x0000000096000000| Untracked 
| 353|0x0000000096100000, 0x0000000096100000, 0x0000000096200000|  0%| F|  |TAMS 0x0000000096100000, 0x0000000096100000| Untracked 
| 354|0x0000000096200000, 0x0000000096200000, 0x0000000096300000|  0%| F|  |TAMS 0x0000000096200000, 0x0000000096200000| Untracked 
| 355|0x0000000096300000, 0x0000000096300000, 0x0000000096400000|  0%| F|  |TAMS 0x0000000096300000, 0x0000000096300000| Untracked 
| 356|0x0000000096400000, 0x0000000096400000, 0x0000000096500000|  0%| F|  |TAMS 0x0000000096400000, 0x0000000096400000| Untracked 
| 357|0x0000000096500000, 0x0000000096500000, 0x0000000096600000|  0%| F|  |TAMS 0x0000000096500000, 0x0000000096500000| Untracked 
| 358|0x0000000096600000, 0x0000000096600000, 0x0000000096700000|  0%| F|  |TAMS 0x0000000096600000, 0x0000000096600000| Untracked 
| 359|0x0000000096700000, 0x0000000096700000, 0x0000000096800000|  0%| F|  |TAMS 0x0000000096700000, 0x0000000096700000| Untracked 
| 360|0x0000000096800000, 0x0000000096800000, 0x0000000096900000|  0%| F|  |TAMS 0x0000000096800000, 0x0000000096800000| Untracked 
| 361|0x0000000096900000, 0x0000000096900000, 0x0000000096a00000|  0%| F|  |TAMS 0x0000000096900000, 0x0000000096900000| Untracked 
| 362|0x0000000096a00000, 0x0000000096a00000, 0x0000000096b00000|  0%| F|  |TAMS 0x0000000096a00000, 0x0000000096a00000| Untracked 
| 363|0x0000000096b00000, 0x0000000096b00000, 0x0000000096c00000|  0%| F|  |TAMS 0x0000000096b00000, 0x0000000096b00000| Untracked 
| 364|0x0000000096c00000, 0x0000000096c00000, 0x0000000096d00000|  0%| F|  |TAMS 0x0000000096c00000, 0x0000000096c00000| Untracked 
| 365|0x0000000096d00000, 0x0000000096d00000, 0x0000000096e00000|  0%| F|  |TAMS 0x0000000096d00000, 0x0000000096d00000| Untracked 
| 366|0x0000000096e00000, 0x0000000096e00000, 0x0000000096f00000|  0%| F|  |TAMS 0x0000000096e00000, 0x0000000096e00000| Untracked 
| 367|0x0000000096f00000, 0x0000000096f3bbc8, 0x0000000097000000| 23%| S|CS|TAMS 0x0000000096f00000, 0x0000000096f00000| Complete 
| 368|0x0000000097000000, 0x0000000097100000, 0x0000000097100000|100%| S|CS|TAMS 0x0000000097000000, 0x0000000097000000| Complete 
| 369|0x0000000097100000, 0x0000000097200000, 0x0000000097200000|100%| S|CS|TAMS 0x0000000097100000, 0x0000000097100000| Complete 
| 370|0x0000000097200000, 0x0000000097300000, 0x0000000097300000|100%| S|CS|TAMS 0x0000000097200000, 0x0000000097200000| Complete 
| 371|0x0000000097300000, 0x0000000097400000, 0x0000000097400000|100%| S|CS|TAMS 0x0000000097300000, 0x0000000097300000| Complete 
| 372|0x0000000097400000, 0x0000000097500000, 0x0000000097500000|100%| S|CS|TAMS 0x0000000097400000, 0x0000000097400000| Complete 
| 373|0x0000000097500000, 0x0000000097600000, 0x0000000097600000|100%| S|CS|TAMS 0x0000000097500000, 0x0000000097500000| Complete 
| 374|0x0000000097600000, 0x0000000097700000, 0x0000000097700000|100%| S|CS|TAMS 0x0000000097600000, 0x0000000097600000| Complete 
| 375|0x0000000097700000, 0x0000000097800000, 0x0000000097800000|100%| S|CS|TAMS 0x0000000097700000, 0x0000000097700000| Complete 
| 376|0x0000000097800000, 0x0000000097900000, 0x0000000097900000|100%| S|CS|TAMS 0x0000000097800000, 0x0000000097800000| Complete 
| 377|0x0000000097900000, 0x0000000097900000, 0x0000000097a00000|  0%| F|  |TAMS 0x0000000097900000, 0x0000000097900000| Untracked 
| 378|0x0000000097a00000, 0x0000000097a00000, 0x0000000097b00000|  0%| F|  |TAMS 0x0000000097a00000, 0x0000000097a00000| Untracked 
| 379|0x0000000097b00000, 0x0000000097b00000, 0x0000000097c00000|  0%| F|  |TAMS 0x0000000097b00000, 0x0000000097b00000| Untracked 
| 380|0x0000000097c00000, 0x0000000097c00000, 0x0000000097d00000|  0%| F|  |TAMS 0x0000000097c00000, 0x0000000097c00000| Untracked 
| 381|0x0000000097d00000, 0x0000000097d00000, 0x0000000097e00000|  0%| F|  |TAMS 0x0000000097d00000, 0x0000000097d00000| Untracked 
| 382|0x0000000097e00000, 0x0000000097e00000, 0x0000000097f00000|  0%| F|  |TAMS 0x0000000097e00000, 0x0000000097e00000| Untracked 
| 383|0x0000000097f00000, 0x0000000097f00000, 0x0000000098000000|  0%| F|  |TAMS 0x0000000097f00000, 0x0000000097f00000| Untracked 
| 384|0x0000000098000000, 0x0000000098000000, 0x0000000098100000|  0%| F|  |TAMS 0x0000000098000000, 0x0000000098000000| Untracked 
| 385|0x0000000098100000, 0x0000000098100000, 0x0000000098200000|  0%| F|  |TAMS 0x0000000098100000, 0x0000000098100000| Untracked 
| 386|0x0000000098200000, 0x0000000098200000, 0x0000000098300000|  0%| F|  |TAMS 0x0000000098200000, 0x0000000098200000| Untracked 
| 387|0x0000000098300000, 0x0000000098300000, 0x0000000098400000|  0%| F|  |TAMS 0x0000000098300000, 0x0000000098300000| Untracked 
| 388|0x0000000098400000, 0x0000000098400000, 0x0000000098500000|  0%| F|  |TAMS 0x0000000098400000, 0x0000000098400000| Untracked 
| 389|0x0000000098500000, 0x0000000098500000, 0x0000000098600000|  0%| F|  |TAMS 0x0000000098500000, 0x0000000098500000| Untracked 
| 390|0x0000000098600000, 0x0000000098600000, 0x0000000098700000|  0%| F|  |TAMS 0x0000000098600000, 0x0000000098600000| Untracked 
| 391|0x0000000098700000, 0x0000000098700000, 0x0000000098800000|  0%| F|  |TAMS 0x0000000098700000, 0x0000000098700000| Untracked 
| 392|0x0000000098800000, 0x0000000098800000, 0x0000000098900000|  0%| F|  |TAMS 0x0000000098800000, 0x0000000098800000| Untracked 
| 393|0x0000000098900000, 0x0000000098900000, 0x0000000098a00000|  0%| F|  |TAMS 0x0000000098900000, 0x0000000098900000| Untracked 
| 394|0x0000000098a00000, 0x0000000098a00000, 0x0000000098b00000|  0%| F|  |TAMS 0x0000000098a00000, 0x0000000098a00000| Untracked 
| 395|0x0000000098b00000, 0x0000000098b00000, 0x0000000098c00000|  0%| F|  |TAMS 0x0000000098b00000, 0x0000000098b00000| Untracked 
| 396|0x0000000098c00000, 0x0000000098c00000, 0x0000000098d00000|  0%| F|  |TAMS 0x0000000098c00000, 0x0000000098c00000| Untracked 
| 397|0x0000000098d00000, 0x0000000098d00000, 0x0000000098e00000|  0%| F|  |TAMS 0x0000000098d00000, 0x0000000098d00000| Untracked 
| 398|0x0000000098e00000, 0x0000000098e00000, 0x0000000098f00000|  0%| F|  |TAMS 0x0000000098e00000, 0x0000000098e00000| Untracked 
| 399|0x0000000098f00000, 0x0000000098f00000, 0x0000000099000000|  0%| F|  |TAMS 0x0000000098f00000, 0x0000000098f00000| Untracked 
| 400|0x0000000099000000, 0x0000000099000000, 0x0000000099100000|  0%| F|  |TAMS 0x0000000099000000, 0x0000000099000000| Untracked 
| 401|0x0000000099100000, 0x0000000099100000, 0x0000000099200000|  0%| F|  |TAMS 0x0000000099100000, 0x0000000099100000| Untracked 
| 402|0x0000000099200000, 0x0000000099200000, 0x0000000099300000|  0%| F|  |TAMS 0x0000000099200000, 0x0000000099200000| Untracked 
| 403|0x0000000099300000, 0x0000000099300000, 0x0000000099400000|  0%| F|  |TAMS 0x0000000099300000, 0x0000000099300000| Untracked 
| 404|0x0000000099400000, 0x0000000099400000, 0x0000000099500000|  0%| F|  |TAMS 0x0000000099400000, 0x0000000099400000| Untracked 
| 405|0x0000000099500000, 0x0000000099500000, 0x0000000099600000|  0%| F|  |TAMS 0x0000000099500000, 0x0000000099500000| Untracked 
| 406|0x0000000099600000, 0x0000000099600000, 0x0000000099700000|  0%| F|  |TAMS 0x0000000099600000, 0x0000000099600000| Untracked 
| 407|0x0000000099700000, 0x0000000099700000, 0x0000000099800000|  0%| F|  |TAMS 0x0000000099700000, 0x0000000099700000| Untracked 
| 408|0x0000000099800000, 0x0000000099800000, 0x0000000099900000|  0%| F|  |TAMS 0x0000000099800000, 0x0000000099800000| Untracked 
| 409|0x0000000099900000, 0x0000000099900000, 0x0000000099a00000|  0%| F|  |TAMS 0x0000000099900000, 0x0000000099900000| Untracked 
| 410|0x0000000099a00000, 0x0000000099a00000, 0x0000000099b00000|  0%| F|  |TAMS 0x0000000099a00000, 0x0000000099a00000| Untracked 
| 411|0x0000000099b00000, 0x0000000099b00000, 0x0000000099c00000|  0%| F|  |TAMS 0x0000000099b00000, 0x0000000099b00000| Untracked 
| 412|0x0000000099c00000, 0x0000000099c00000, 0x0000000099d00000|  0%| F|  |TAMS 0x0000000099c00000, 0x0000000099c00000| Untracked 
| 413|0x0000000099d00000, 0x0000000099d00000, 0x0000000099e00000|  0%| F|  |TAMS 0x0000000099d00000, 0x0000000099d00000| Untracked 
| 414|0x0000000099e00000, 0x0000000099e00000, 0x0000000099f00000|  0%| F|  |TAMS 0x0000000099e00000, 0x0000000099e00000| Untracked 
| 415|0x0000000099f00000, 0x0000000099f00000, 0x000000009a000000|  0%| F|  |TAMS 0x0000000099f00000, 0x0000000099f00000| Untracked 
| 416|0x000000009a000000, 0x000000009a000000, 0x000000009a100000|  0%| F|  |TAMS 0x000000009a000000, 0x000000009a000000| Untracked 
| 417|0x000000009a100000, 0x000000009a100000, 0x000000009a200000|  0%| F|  |TAMS 0x000000009a100000, 0x000000009a100000| Untracked 
| 418|0x000000009a200000, 0x000000009a200000, 0x000000009a300000|  0%| F|  |TAMS 0x000000009a200000, 0x000000009a200000| Untracked 
| 419|0x000000009a300000, 0x000000009a300000, 0x000000009a400000|  0%| F|  |TAMS 0x000000009a300000, 0x000000009a300000| Untracked 
| 420|0x000000009a400000, 0x000000009a400000, 0x000000009a500000|  0%| F|  |TAMS 0x000000009a400000, 0x000000009a400000| Untracked 
| 421|0x000000009a500000, 0x000000009a500000, 0x000000009a600000|  0%| F|  |TAMS 0x000000009a500000, 0x000000009a500000| Untracked 
| 422|0x000000009a600000, 0x000000009a600000, 0x000000009a700000|  0%| F|  |TAMS 0x000000009a600000, 0x000000009a600000| Untracked 
| 423|0x000000009a700000, 0x000000009a700000, 0x000000009a800000|  0%| F|  |TAMS 0x000000009a700000, 0x000000009a700000| Untracked 
| 424|0x000000009a800000, 0x000000009a800000, 0x000000009a900000|  0%| F|  |TAMS 0x000000009a800000, 0x000000009a800000| Untracked 
| 425|0x000000009a900000, 0x000000009a900000, 0x000000009aa00000|  0%| F|  |TAMS 0x000000009a900000, 0x000000009a900000| Untracked 
| 426|0x000000009aa00000, 0x000000009aa00000, 0x000000009ab00000|  0%| F|  |TAMS 0x000000009aa00000, 0x000000009aa00000| Untracked 
| 427|0x000000009ab00000, 0x000000009ab00000, 0x000000009ac00000|  0%| F|  |TAMS 0x000000009ab00000, 0x000000009ab00000| Untracked 
| 428|0x000000009ac00000, 0x000000009ac00000, 0x000000009ad00000|  0%| F|  |TAMS 0x000000009ac00000, 0x000000009ac00000| Untracked 
| 429|0x000000009ad00000, 0x000000009ad00000, 0x000000009ae00000|  0%| F|  |TAMS 0x000000009ad00000, 0x000000009ad00000| Untracked 
| 430|0x000000009ae00000, 0x000000009ae00000, 0x000000009af00000|  0%| F|  |TAMS 0x000000009ae00000, 0x000000009ae00000| Untracked 
| 431|0x000000009af00000, 0x000000009af00000, 0x000000009b000000|  0%| F|  |TAMS 0x000000009af00000, 0x000000009af00000| Untracked 
| 432|0x000000009b000000, 0x000000009b000000, 0x000000009b100000|  0%| F|  |TAMS 0x000000009b000000, 0x000000009b000000| Untracked 
| 433|0x000000009b100000, 0x000000009b100000, 0x000000009b200000|  0%| F|  |TAMS 0x000000009b100000, 0x000000009b100000| Untracked 
| 434|0x000000009b200000, 0x000000009b200000, 0x000000009b300000|  0%| F|  |TAMS 0x000000009b200000, 0x000000009b200000| Untracked 
| 435|0x000000009b300000, 0x000000009b300000, 0x000000009b400000|  0%| F|  |TAMS 0x000000009b300000, 0x000000009b300000| Untracked 
| 436|0x000000009b400000, 0x000000009b400000, 0x000000009b500000|  0%| F|  |TAMS 0x000000009b400000, 0x000000009b400000| Untracked 
| 437|0x000000009b500000, 0x000000009b500000, 0x000000009b600000|  0%| F|  |TAMS 0x000000009b500000, 0x000000009b500000| Untracked 
| 438|0x000000009b600000, 0x000000009b600000, 0x000000009b700000|  0%| F|  |TAMS 0x000000009b600000, 0x000000009b600000| Untracked 
| 439|0x000000009b700000, 0x000000009b700000, 0x000000009b800000|  0%| F|  |TAMS 0x000000009b700000, 0x000000009b700000| Untracked 
| 440|0x000000009b800000, 0x000000009b800000, 0x000000009b900000|  0%| F|  |TAMS 0x000000009b800000, 0x000000009b800000| Untracked 
| 441|0x000000009b900000, 0x000000009b900000, 0x000000009ba00000|  0%| F|  |TAMS 0x000000009b900000, 0x000000009b900000| Untracked 
| 442|0x000000009ba00000, 0x000000009ba00000, 0x000000009bb00000|  0%| F|  |TAMS 0x000000009ba00000, 0x000000009ba00000| Untracked 
| 443|0x000000009bb00000, 0x000000009bb00000, 0x000000009bc00000|  0%| F|  |TAMS 0x000000009bb00000, 0x000000009bb00000| Untracked 
| 444|0x000000009bc00000, 0x000000009bc00000, 0x000000009bd00000|  0%| F|  |TAMS 0x000000009bc00000, 0x000000009bc00000| Untracked 
| 445|0x000000009bd00000, 0x000000009bd00000, 0x000000009be00000|  0%| F|  |TAMS 0x000000009bd00000, 0x000000009bd00000| Untracked 
| 446|0x000000009be00000, 0x000000009be00000, 0x000000009bf00000|  0%| F|  |TAMS 0x000000009be00000, 0x000000009be00000| Untracked 
| 447|0x000000009bf00000, 0x000000009bf00000, 0x000000009c000000|  0%| F|  |TAMS 0x000000009bf00000, 0x000000009bf00000| Untracked 
| 448|0x000000009c000000, 0x000000009c082010, 0x000000009c100000| 50%| E|  |TAMS 0x000000009c000000, 0x000000009c000000| Complete 
| 449|0x000000009c100000, 0x000000009c200000, 0x000000009c200000|100%| E|CS|TAMS 0x000000009c100000, 0x000000009c100000| Complete 
| 450|0x000000009c200000, 0x000000009c300000, 0x000000009c300000|100%| E|CS|TAMS 0x000000009c200000, 0x000000009c200000| Complete 
| 451|0x000000009c300000, 0x000000009c400000, 0x000000009c400000|100%| E|CS|TAMS 0x000000009c300000, 0x000000009c300000| Complete 
| 452|0x000000009c400000, 0x000000009c500000, 0x000000009c500000|100%| E|CS|TAMS 0x000000009c400000, 0x000000009c400000| Complete 
| 453|0x000000009c500000, 0x000000009c600000, 0x000000009c600000|100%| E|CS|TAMS 0x000000009c500000, 0x000000009c500000| Complete 
| 454|0x000000009c600000, 0x000000009c700000, 0x000000009c700000|100%| E|CS|TAMS 0x000000009c600000, 0x000000009c600000| Complete 
| 455|0x000000009c700000, 0x000000009c800000, 0x000000009c800000|100%| E|CS|TAMS 0x000000009c700000, 0x000000009c700000| Complete 
| 456|0x000000009c800000, 0x000000009c900000, 0x000000009c900000|100%| E|CS|TAMS 0x000000009c800000, 0x000000009c800000| Complete 
| 457|0x000000009c900000, 0x000000009ca00000, 0x000000009ca00000|100%| E|CS|TAMS 0x000000009c900000, 0x000000009c900000| Complete 
| 458|0x000000009ca00000, 0x000000009cb00000, 0x000000009cb00000|100%| E|CS|TAMS 0x000000009ca00000, 0x000000009ca00000| Complete 
| 459|0x000000009cb00000, 0x000000009cc00000, 0x000000009cc00000|100%| E|CS|TAMS 0x000000009cb00000, 0x000000009cb00000| Complete 
| 460|0x000000009cc00000, 0x000000009cd00000, 0x000000009cd00000|100%| E|CS|TAMS 0x000000009cc00000, 0x000000009cc00000| Complete 
| 461|0x000000009cd00000, 0x000000009ce00000, 0x000000009ce00000|100%| E|CS|TAMS 0x000000009cd00000, 0x000000009cd00000| Complete 
| 462|0x000000009ce00000, 0x000000009cf00000, 0x000000009cf00000|100%| E|CS|TAMS 0x000000009ce00000, 0x000000009ce00000| Complete 
| 463|0x000000009cf00000, 0x000000009d000000, 0x000000009d000000|100%| E|CS|TAMS 0x000000009cf00000, 0x000000009cf00000| Complete 
| 464|0x000000009d000000, 0x000000009d100000, 0x000000009d100000|100%| E|CS|TAMS 0x000000009d000000, 0x000000009d000000| Complete 
| 465|0x000000009d100000, 0x000000009d200000, 0x000000009d200000|100%| E|CS|TAMS 0x000000009d100000, 0x000000009d100000| Complete 
| 466|0x000000009d200000, 0x000000009d300000, 0x000000009d300000|100%| E|CS|TAMS 0x000000009d200000, 0x000000009d200000| Complete 
| 467|0x000000009d300000, 0x000000009d400000, 0x000000009d400000|100%| E|CS|TAMS 0x000000009d300000, 0x000000009d300000| Complete 
| 468|0x000000009d400000, 0x000000009d500000, 0x000000009d500000|100%| E|CS|TAMS 0x000000009d400000, 0x000000009d400000| Complete 
| 469|0x000000009d500000, 0x000000009d600000, 0x000000009d600000|100%| E|CS|TAMS 0x000000009d500000, 0x000000009d500000| Complete 
| 470|0x000000009d600000, 0x000000009d700000, 0x000000009d700000|100%| E|CS|TAMS 0x000000009d600000, 0x000000009d600000| Complete 
| 471|0x000000009d700000, 0x000000009d800000, 0x000000009d800000|100%| E|CS|TAMS 0x000000009d700000, 0x000000009d700000| Complete 
| 472|0x000000009d800000, 0x000000009d900000, 0x000000009d900000|100%| E|CS|TAMS 0x000000009d800000, 0x000000009d800000| Complete 
| 473|0x000000009d900000, 0x000000009da00000, 0x000000009da00000|100%| E|CS|TAMS 0x000000009d900000, 0x000000009d900000| Complete 
| 474|0x000000009da00000, 0x000000009db00000, 0x000000009db00000|100%| E|CS|TAMS 0x000000009da00000, 0x000000009da00000| Complete 
| 475|0x000000009db00000, 0x000000009dc00000, 0x000000009dc00000|100%| E|CS|TAMS 0x000000009db00000, 0x000000009db00000| Complete 
| 476|0x000000009dc00000, 0x000000009dd00000, 0x000000009dd00000|100%| E|CS|TAMS 0x000000009dc00000, 0x000000009dc00000| Complete 
| 477|0x000000009dd00000, 0x000000009de00000, 0x000000009de00000|100%| E|CS|TAMS 0x000000009dd00000, 0x000000009dd00000| Complete 
| 478|0x000000009de00000, 0x000000009df00000, 0x000000009df00000|100%| E|CS|TAMS 0x000000009de00000, 0x000000009de00000| Complete 
| 479|0x000000009df00000, 0x000000009e000000, 0x000000009e000000|100%| E|CS|TAMS 0x000000009df00000, 0x000000009df00000| Complete 
| 480|0x000000009e000000, 0x000000009e100000, 0x000000009e100000|100%| E|CS|TAMS 0x000000009e000000, 0x000000009e000000| Complete 
| 481|0x000000009e100000, 0x000000009e200000, 0x000000009e200000|100%| E|CS|TAMS 0x000000009e100000, 0x000000009e100000| Complete 
| 482|0x000000009e200000, 0x000000009e300000, 0x000000009e300000|100%| E|CS|TAMS 0x000000009e200000, 0x000000009e200000| Complete 
| 483|0x000000009e300000, 0x000000009e400000, 0x000000009e400000|100%| E|CS|TAMS 0x000000009e300000, 0x000000009e300000| Complete 
| 484|0x000000009e400000, 0x000000009e500000, 0x000000009e500000|100%| E|CS|TAMS 0x000000009e400000, 0x000000009e400000| Complete 
| 485|0x000000009e500000, 0x000000009e600000, 0x000000009e600000|100%| E|CS|TAMS 0x000000009e500000, 0x000000009e500000| Complete 
| 486|0x000000009e600000, 0x000000009e700000, 0x000000009e700000|100%| E|CS|TAMS 0x000000009e600000, 0x000000009e600000| Complete 
| 487|0x000000009e700000, 0x000000009e800000, 0x000000009e800000|100%| E|CS|TAMS 0x000000009e700000, 0x000000009e700000| Complete 
| 488|0x000000009e800000, 0x000000009e900000, 0x000000009e900000|100%| E|CS|TAMS 0x000000009e800000, 0x000000009e800000| Complete 
| 489|0x000000009e900000, 0x000000009ea00000, 0x000000009ea00000|100%| E|CS|TAMS 0x000000009e900000, 0x000000009e900000| Complete 
| 490|0x000000009ea00000, 0x000000009eb00000, 0x000000009eb00000|100%| E|CS|TAMS 0x000000009ea00000, 0x000000009ea00000| Complete 
| 491|0x000000009eb00000, 0x000000009ec00000, 0x000000009ec00000|100%| E|CS|TAMS 0x000000009eb00000, 0x000000009eb00000| Complete 
| 492|0x000000009ec00000, 0x000000009ed00000, 0x000000009ed00000|100%| E|CS|TAMS 0x000000009ec00000, 0x000000009ec00000| Complete 
| 493|0x000000009ed00000, 0x000000009ee00000, 0x000000009ee00000|100%| E|CS|TAMS 0x000000009ed00000, 0x000000009ed00000| Complete 
| 494|0x000000009ee00000, 0x000000009ef00000, 0x000000009ef00000|100%| E|CS|TAMS 0x000000009ee00000, 0x000000009ee00000| Complete 
| 495|0x000000009ef00000, 0x000000009f000000, 0x000000009f000000|100%| E|CS|TAMS 0x000000009ef00000, 0x000000009ef00000| Complete 
| 496|0x000000009f000000, 0x000000009f100000, 0x000000009f100000|100%| E|CS|TAMS 0x000000009f000000, 0x000000009f000000| Complete 
| 497|0x000000009f100000, 0x000000009f200000, 0x000000009f200000|100%| E|CS|TAMS 0x000000009f100000, 0x000000009f100000| Complete 
| 498|0x000000009f200000, 0x000000009f300000, 0x000000009f300000|100%| E|CS|TAMS 0x000000009f200000, 0x000000009f200000| Complete 
| 499|0x000000009f300000, 0x000000009f400000, 0x000000009f400000|100%| E|CS|TAMS 0x000000009f300000, 0x000000009f300000| Complete 
| 500|0x000000009f400000, 0x000000009f500000, 0x000000009f500000|100%| E|CS|TAMS 0x000000009f400000, 0x000000009f400000| Complete 
| 501|0x000000009f500000, 0x000000009f600000, 0x000000009f600000|100%| E|CS|TAMS 0x000000009f500000, 0x000000009f500000| Complete 
| 502|0x000000009f600000, 0x000000009f700000, 0x000000009f700000|100%| E|CS|TAMS 0x000000009f600000, 0x000000009f600000| Complete 
| 503|0x000000009f700000, 0x000000009f800000, 0x000000009f800000|100%| E|CS|TAMS 0x000000009f700000, 0x000000009f700000| Complete 
| 504|0x000000009f800000, 0x000000009f900000, 0x000000009f900000|100%| E|CS|TAMS 0x000000009f800000, 0x000000009f800000| Complete 
| 505|0x000000009f900000, 0x000000009fa00000, 0x000000009fa00000|100%| E|CS|TAMS 0x000000009f900000, 0x000000009f900000| Complete 
| 506|0x000000009fa00000, 0x000000009fb00000, 0x000000009fb00000|100%| E|CS|TAMS 0x000000009fa00000, 0x000000009fa00000| Complete 
| 507|0x000000009fb00000, 0x000000009fc00000, 0x000000009fc00000|100%| E|CS|TAMS 0x000000009fb00000, 0x000000009fb00000| Complete 
| 508|0x000000009fc00000, 0x000000009fd00000, 0x000000009fd00000|100%| E|CS|TAMS 0x000000009fc00000, 0x000000009fc00000| Complete 
| 509|0x000000009fd00000, 0x000000009fe00000, 0x000000009fe00000|100%| E|CS|TAMS 0x000000009fd00000, 0x000000009fd00000| Complete 
| 510|0x000000009fe00000, 0x000000009ff00000, 0x000000009ff00000|100%| E|CS|TAMS 0x000000009fe00000, 0x000000009fe00000| Complete 
| 511|0x000000009ff00000, 0x00000000a0000000, 0x00000000a0000000|100%| E|CS|TAMS 0x000000009ff00000, 0x000000009ff00000| Complete 
| 512|0x00000000a0000000, 0x00000000a0100000, 0x00000000a0100000|100%| E|CS|TAMS 0x00000000a0000000, 0x00000000a0000000| Complete 
| 513|0x00000000a0100000, 0x00000000a0200000, 0x00000000a0200000|100%| E|CS|TAMS 0x00000000a0100000, 0x00000000a0100000| Complete 
| 514|0x00000000a0200000, 0x00000000a0300000, 0x00000000a0300000|100%| E|CS|TAMS 0x00000000a0200000, 0x00000000a0200000| Complete 
| 515|0x00000000a0300000, 0x00000000a0400000, 0x00000000a0400000|100%| E|CS|TAMS 0x00000000a0300000, 0x00000000a0300000| Complete 
| 516|0x00000000a0400000, 0x00000000a0500000, 0x00000000a0500000|100%| E|CS|TAMS 0x00000000a0400000, 0x00000000a0400000| Complete 
| 517|0x00000000a0500000, 0x00000000a0600000, 0x00000000a0600000|100%| E|CS|TAMS 0x00000000a0500000, 0x00000000a0500000| Complete 
| 518|0x00000000a0600000, 0x00000000a0700000, 0x00000000a0700000|100%| E|CS|TAMS 0x00000000a0600000, 0x00000000a0600000| Complete 
| 519|0x00000000a0700000, 0x00000000a0800000, 0x00000000a0800000|100%| E|CS|TAMS 0x00000000a0700000, 0x00000000a0700000| Complete 
| 520|0x00000000a0800000, 0x00000000a0900000, 0x00000000a0900000|100%| E|CS|TAMS 0x00000000a0800000, 0x00000000a0800000| Complete 
| 521|0x00000000a0900000, 0x00000000a0a00000, 0x00000000a0a00000|100%| E|CS|TAMS 0x00000000a0900000, 0x00000000a0900000| Complete 
| 522|0x00000000a0a00000, 0x00000000a0b00000, 0x00000000a0b00000|100%| E|CS|TAMS 0x00000000a0a00000, 0x00000000a0a00000| Complete 
| 523|0x00000000a0b00000, 0x00000000a0c00000, 0x00000000a0c00000|100%| E|CS|TAMS 0x00000000a0b00000, 0x00000000a0b00000| Complete 
| 524|0x00000000a0c00000, 0x00000000a0d00000, 0x00000000a0d00000|100%| E|CS|TAMS 0x00000000a0c00000, 0x00000000a0c00000| Complete 
| 525|0x00000000a0d00000, 0x00000000a0e00000, 0x00000000a0e00000|100%| E|CS|TAMS 0x00000000a0d00000, 0x00000000a0d00000| Complete 
| 526|0x00000000a0e00000, 0x00000000a0f00000, 0x00000000a0f00000|100%| E|CS|TAMS 0x00000000a0e00000, 0x00000000a0e00000| Complete 
| 527|0x00000000a0f00000, 0x00000000a1000000, 0x00000000a1000000|100%| E|CS|TAMS 0x00000000a0f00000, 0x00000000a0f00000| Complete 
| 528|0x00000000a1000000, 0x00000000a1100000, 0x00000000a1100000|100%| E|CS|TAMS 0x00000000a1000000, 0x00000000a1000000| Complete 

Card table byte_map: [0x000001b1796f0000,0x000001b179af0000] _byte_map_base: 0x000001b1792f0000

Marking Bits (Prev, Next): (CMBitMap*) 0x000001b177005d60, (CMBitMap*) 0x000001b177005d20
 Prev Bits: [0x000001b17bef0000, 0x000001b17def0000)
 Next Bits: [0x000001b179ef0000, 0x000001b17bef0000)

Polling page: 0x000001b177080000

Metaspace:

Usage:
  Non-class:    100.31 MB used.
      Class:     15.59 MB used.
       Both:    115.90 MB used.

Virtual space:
  Non-class space:      128.00 MB reserved,     100.69 MB ( 79%) committed,  2 nodes.
      Class space:        1.00 GB reserved,      15.94 MB (  2%) committed,  1 nodes.
             Both:        1.12 GB reserved,     116.62 MB ( 10%) committed. 

Chunk freelists:
   Non-Class:  11.09 MB
       Class:  15.88 MB
        Both:  26.97 MB

MaxMetaspaceSize: unlimited
CompressedClassSpaceSize: 1.00 GB
Initial GC threshold: 21.00 MB
Current GC threshold: 160.31 MB
CDS: on
MetaspaceReclaimPolicy: balanced
 - commit_granule_bytes: 65536.
 - commit_granule_words: 8192.
 - virtual_space_node_default_size: 8388608.
 - enlarge_chunks_in_place: 1.
 - new_chunks_are_fully_committed: 0.
 - uncommit_free_chunks: 1.
 - use_allocation_guard: 0.
 - handle_deallocations: 1.


Internal statistics:

num_allocs_failed_limit: 9.
num_arena_births: 1124.
num_arena_deaths: 20.
num_vsnodes_births: 3.
num_vsnodes_deaths: 0.
num_space_committed: 1865.
num_space_uncommitted: 0.
num_chunks_returned_to_freelist: 42.
num_chunks_taken_from_freelist: 5818.
num_chunk_merges: 9.
num_chunk_splits: 3923.
num_chunks_enlarged: 2740.
num_inconsistent_stats: 0.

CodeHeap 'non-profiled nmethods': size=120000Kb used=15458Kb max_used=15819Kb free=104541Kb
 bounds [0x000001b10f2c0000, 0x000001b110240000, 0x000001b1167f0000]
CodeHeap 'profiled nmethods': size=120000Kb used=39621Kb max_used=40642Kb free=80378Kb
 bounds [0x000001b1077f0000, 0x000001b109fd0000, 0x000001b10ed20000]
CodeHeap 'non-nmethods': size=5760Kb used=2506Kb max_used=2726Kb free=3253Kb
 bounds [0x000001b10ed20000, 0x000001b10efe0000, 0x000001b10f2c0000]
 total_blobs=20121 nmethods=19070 adapters=961
 compilation: enabled
              stopped_count=0, restarted_count=0
 full_count=0

Compilation events (20 events):
Event: 155.084 Thread 0x000001b1172605d0 25213       3       java.util.Arrays$ArrayList::spliterator (10 bytes)
Event: 155.085 Thread 0x000001b1172605d0 nmethod 25213 0x000001b1094ecd10 code [0x000001b1094ecee0, 0x000001b1094ed258]
Event: 155.098 Thread 0x000001b15e6230d0 nmethod 25044 0x000001b10ff32910 code [0x000001b10ff32f00, 0x000001b10ff3b308]
Event: 155.100 Thread 0x000001b15e6230d0 25181       4       com.android.tools.r8.internal.G50::J (23 bytes)
Event: 155.105 Thread 0x000001b15e6230d0 nmethod 25181 0x000001b10f3a1610 code [0x000001b10f3a17a0, 0x000001b10f3a18d8]
Event: 155.106 Thread 0x000001b15e6230d0 25095       4       java.util.IdentityHashMap::resize (153 bytes)
Event: 155.152 Thread 0x000001b15e6230d0 nmethod 25095 0x000001b10ff31910 code [0x000001b10ff31ac0, 0x000001b10ff32648]
Event: 155.152 Thread 0x000001b15e6230d0 25114       4       com.android.tools.r8.internal.up::v2 (17 bytes)
Event: 155.154 Thread 0x000001b15e6230d0 nmethod 25114 0x000001b10f3a1310 code [0x000001b10f3a1480, 0x000001b10f3a1518]
Event: 155.154 Thread 0x000001b15e6230d0 25101       4       java.lang.Math::min (12 bytes)
Event: 155.155 Thread 0x000001b15e6230d0 nmethod 25101 0x000001b10f2d3990 code [0x000001b10f2d3b00, 0x000001b10f2d3b78]
Event: 155.155 Thread 0x000001b15e6230d0 24140       4       com.android.tools.r8.internal.l9::a (39 bytes)
Event: 155.165 Thread 0x000001b15e6230d0 nmethod 24140 0x000001b10f43b490 code [0x000001b10f43b640, 0x000001b10f43b908]
Event: 155.165 Thread 0x000001b15e6230d0 24701       4       com.android.tools.r8.internal.jY::equals (11 bytes)
Event: 155.166 Thread 0x000001b15e6230d0 nmethod 24701 0x000001b10f2d3510 code [0x000001b10f2d3680, 0x000001b10f2d3718]
Event: 155.167 Thread 0x000001b15e6230d0 24689       4       java.util.PriorityQueue::remove (21 bytes)
Event: 155.174 Thread 0x000001b1172605d0 25214       2       com.android.tools.r8.internal.B::<init> (5 bytes)
Event: 155.174 Thread 0x000001b1172605d0 nmethod 25214 0x000001b108982d90 code [0x000001b108982f20, 0x000001b108983018]
Event: 155.272 Thread 0x000001b1172605d0 25216       2       com.android.tools.r8.graph.g::A (8 bytes)
Event: 155.273 Thread 0x000001b1172605d0 nmethod 25216 0x000001b109ee3790 code [0x000001b109ee3920, 0x000001b109ee3a38]

GC Heap History (20 events):
Event: 145.786 GC heap before
{Heap before GC invocations=98 (full 0):
 garbage-first heap   total 474112K, used 410152K [0x0000000080000000, 0x0000000100000000)
  region size 1024K, 109 young (111616K), 11 survivors (11264K)
 Metaspace       used 118512K, committed 119296K, reserved 1179648K
  class space    used 15950K, committed 16320K, reserved 1048576K
}
Event: 145.816 GC heap after
{Heap after GC invocations=99 (full 0):
 garbage-first heap   total 541696K, used 312245K [0x0000000080000000, 0x0000000100000000)
  region size 1024K, 8 young (8192K), 8 survivors (8192K)
 Metaspace       used 118512K, committed 119296K, reserved 1179648K
  class space    used 15950K, committed 16320K, reserved 1048576K
}
Event: 146.708 GC heap before
{Heap before GC invocations=99 (full 0):
 garbage-first heap   total 541696K, used 466869K [0x0000000080000000, 0x0000000100000000)
  region size 1024K, 157 young (160768K), 8 survivors (8192K)
 Metaspace       used 118527K, committed 119296K, reserved 1179648K
  class space    used 15950K, committed 16320K, reserved 1048576K
}
Event: 146.730 GC heap after
{Heap after GC invocations=100 (full 0):
 garbage-first heap   total 541696K, used 313467K [0x0000000080000000, 0x0000000100000000)
  region size 1024K, 9 young (9216K), 9 survivors (9216K)
 Metaspace       used 118527K, committed 119296K, reserved 1179648K
  class space    used 15950K, committed 16320K, reserved 1048576K
}
Event: 147.790 GC heap before
{Heap before GC invocations=100 (full 0):
 garbage-first heap   total 541696K, used 467067K [0x0000000080000000, 0x0000000100000000)
  region size 1024K, 159 young (162816K), 9 survivors (9216K)
 Metaspace       used 118545K, committed 119296K, reserved 1179648K
  class space    used 15953K, committed 16320K, reserved 1048576K
}
Event: 147.813 GC heap after
{Heap after GC invocations=101 (full 0):
 garbage-first heap   total 541696K, used 313484K [0x0000000080000000, 0x0000000100000000)
  region size 1024K, 9 young (9216K), 9 survivors (9216K)
 Metaspace       used 118545K, committed 119296K, reserved 1179648K
  class space    used 15953K, committed 16320K, reserved 1048576K
}
Event: 148.820 GC heap before
{Heap before GC invocations=101 (full 0):
 garbage-first heap   total 541696K, used 470156K [0x0000000080000000, 0x0000000100000000)
  region size 1024K, 162 young (165888K), 9 survivors (9216K)
 Metaspace       used 118557K, committed 119360K, reserved 1179648K
  class space    used 15954K, committed 16320K, reserved 1048576K
}
Event: 148.844 GC heap after
{Heap after GC invocations=102 (full 0):
 garbage-first heap   total 541696K, used 313484K [0x0000000080000000, 0x0000000100000000)
  region size 1024K, 9 young (9216K), 9 survivors (9216K)
 Metaspace       used 118557K, committed 119360K, reserved 1179648K
  class space    used 15954K, committed 16320K, reserved 1048576K
}
Event: 149.674 GC heap before
{Heap before GC invocations=102 (full 0):
 garbage-first heap   total 541696K, used 472204K [0x0000000080000000, 0x0000000100000000)
  region size 1024K, 165 young (168960K), 9 survivors (9216K)
 Metaspace       used 118562K, committed 119360K, reserved 1179648K
  class space    used 15954K, committed 16320K, reserved 1048576K
}
Event: 149.702 GC heap after
{Heap after GC invocations=103 (full 0):
 garbage-first heap   total 541696K, used 317788K [0x0000000080000000, 0x0000000100000000)
  region size 1024K, 14 young (14336K), 14 survivors (14336K)
 Metaspace       used 118562K, committed 119360K, reserved 1179648K
  class space    used 15954K, committed 16320K, reserved 1048576K
}
Event: 150.495 GC heap before
{Heap before GC invocations=103 (full 0):
 garbage-first heap   total 541696K, used 470364K [0x0000000080000000, 0x0000000100000000)
  region size 1024K, 164 young (167936K), 14 survivors (14336K)
 Metaspace       used 118570K, committed 119360K, reserved 1179648K
  class space    used 15956K, committed 16320K, reserved 1048576K
}
Event: 150.524 GC heap after
{Heap after GC invocations=104 (full 0):
 garbage-first heap   total 541696K, used 317842K [0x0000000080000000, 0x0000000100000000)
  region size 1024K, 9 young (9216K), 9 survivors (9216K)
 Metaspace       used 118570K, committed 119360K, reserved 1179648K
  class space    used 15956K, committed 16320K, reserved 1048576K
}
Event: 151.748 GC heap before
{Heap before GC invocations=104 (full 0):
 garbage-first heap   total 541696K, used 475538K [0x0000000080000000, 0x0000000100000000)
  region size 1024K, 163 young (166912K), 9 survivors (9216K)
 Metaspace       used 118607K, committed 119360K, reserved 1179648K
  class space    used 15961K, committed 16320K, reserved 1048576K
}
Event: 151.770 GC heap after
{Heap after GC invocations=105 (full 0):
 garbage-first heap   total 541696K, used 318719K [0x0000000080000000, 0x0000000100000000)
  region size 1024K, 10 young (10240K), 10 survivors (10240K)
 Metaspace       used 118607K, committed 119360K, reserved 1179648K
  class space    used 15961K, committed 16320K, reserved 1048576K
}
Event: 152.475 GC heap before
{Heap before GC invocations=105 (full 0):
 garbage-first heap   total 541696K, used 476415K [0x0000000080000000, 0x0000000100000000)
  region size 1024K, 164 young (167936K), 10 survivors (10240K)
 Metaspace       used 118614K, committed 119360K, reserved 1179648K
  class space    used 15963K, committed 16320K, reserved 1048576K
}
Event: 152.497 GC heap after
{Heap after GC invocations=106 (full 0):
 garbage-first heap   total 541696K, used 318277K [0x0000000080000000, 0x0000000100000000)
  region size 1024K, 9 young (9216K), 9 survivors (9216K)
 Metaspace       used 118614K, committed 119360K, reserved 1179648K
  class space    used 15963K, committed 16320K, reserved 1048576K
}
Event: 153.654 GC heap before
{Heap before GC invocations=106 (full 0):
 garbage-first heap   total 541696K, used 476997K [0x0000000080000000, 0x0000000100000000)
  region size 1024K, 165 young (168960K), 9 survivors (9216K)
 Metaspace       used 118650K, committed 119424K, reserved 1179648K
  class space    used 15968K, committed 16320K, reserved 1048576K
}
Event: 153.677 GC heap after
{Heap after GC invocations=107 (full 0):
 garbage-first heap   total 541696K, used 319946K [0x0000000080000000, 0x0000000100000000)
  region size 1024K, 11 young (11264K), 11 survivors (11264K)
 Metaspace       used 118650K, committed 119424K, reserved 1179648K
  class space    used 15968K, committed 16320K, reserved 1048576K
}
Event: 154.534 GC heap before
{Heap before GC invocations=107 (full 0):
 garbage-first heap   total 541696K, used 474570K [0x0000000080000000, 0x0000000100000000)
  region size 1024K, 163 young (166912K), 11 survivors (11264K)
 Metaspace       used 118662K, committed 119424K, reserved 1179648K
  class space    used 15968K, committed 16320K, reserved 1048576K
}
Event: 154.556 GC heap after
{Heap after GC invocations=108 (full 0):
 garbage-first heap   total 541696K, used 318516K [0x0000000080000000, 0x0000000100000000)
  region size 1024K, 10 young (10240K), 10 survivors (10240K)
 Metaspace       used 118662K, committed 119424K, reserved 1179648K
  class space    used 15968K, committed 16320K, reserved 1048576K
}

Deoptimization events (20 events):
Event: 154.646 Thread 0x000001b15e7cbe60 DEOPT PACKING pc=0x000001b1097d5f94 sp=0x0000004cc92f9b90
Event: 154.646 Thread 0x000001b15e7cbe60 DEOPT UNPACKING pc=0x000001b10ed72b43 sp=0x0000004cc92f9348 mode 0
Event: 154.668 Thread 0x000001b15e7cbe60 DEOPT PACKING pc=0x000001b10958cc45 sp=0x0000004cc92f98b0
Event: 154.668 Thread 0x000001b15e7cbe60 DEOPT UNPACKING pc=0x000001b10ed72b43 sp=0x0000004cc92f8d68 mode 0
Event: 154.679 Thread 0x000001b15e7cbe60 DEOPT PACKING pc=0x000001b1095f69f2 sp=0x0000004cc92f90d0
Event: 154.679 Thread 0x000001b15e7cbe60 DEOPT UNPACKING pc=0x000001b10ed72b43 sp=0x0000004cc92f8630 mode 0
Event: 154.684 Thread 0x000001b15e7cbe60 DEOPT PACKING pc=0x000001b1099197bd sp=0x0000004cc92f9210
Event: 154.684 Thread 0x000001b15e7cbe60 DEOPT UNPACKING pc=0x000001b10ed72b43 sp=0x0000004cc92f8a48 mode 0
Event: 154.828 Thread 0x000001b15e7cbe60 DEOPT PACKING pc=0x000001b109849e6c sp=0x0000004cc92f91a0
Event: 154.828 Thread 0x000001b15e7cbe60 DEOPT UNPACKING pc=0x000001b10ed72b43 sp=0x0000004cc92f8a48 mode 0
Event: 154.915 Thread 0x000001b15e7cbe60 DEOPT PACKING pc=0x000001b10958cc45 sp=0x0000004cc92f98e0
Event: 154.915 Thread 0x000001b15e7cbe60 DEOPT UNPACKING pc=0x000001b10ed72b43 sp=0x0000004cc92f8d98 mode 0
Event: 154.944 Thread 0x000001b15ea46410 DEOPT PACKING pc=0x000001b1099197bd sp=0x0000004cc66f94b0
Event: 154.944 Thread 0x000001b15ea46410 DEOPT UNPACKING pc=0x000001b10ed72b43 sp=0x0000004cc66f8ce8 mode 0
Event: 155.027 Thread 0x000001b15ea46410 DEOPT PACKING pc=0x000001b10993a2d4 sp=0x0000004cc66f9a40
Event: 155.027 Thread 0x000001b15ea46410 DEOPT UNPACKING pc=0x000001b10ed72b43 sp=0x0000004cc66f9028 mode 0
Event: 155.113 Thread 0x000001b15e7cbe60 DEOPT PACKING pc=0x000001b10992c681 sp=0x0000004cc92f9580
Event: 155.113 Thread 0x000001b15e7cbe60 DEOPT UNPACKING pc=0x000001b10ed72b43 sp=0x0000004cc92f8bc0 mode 0
Event: 155.272 Thread 0x000001b15ea48780 DEOPT PACKING pc=0x000001b1081f3526 sp=0x0000004cc5cf9660
Event: 155.273 Thread 0x000001b15ea48780 DEOPT UNPACKING pc=0x000001b10ed72b43 sp=0x0000004cc5cf8ab8 mode 0

Classes unloaded (20 events):
Event: 52.889 Thread 0x000001b11723a6f0 Unloading class 0x000001b119943388 '_BuildScript_$_run_closure2'
Event: 52.889 Thread 0x000001b11723a6f0 Unloading class 0x000001b119942fa0 '_BuildScript_$_run_closure1$_closure9$_closure12'
Event: 52.889 Thread 0x000001b11723a6f0 Unloading class 0x000001b119942bb8 '_BuildScript_$_run_closure1$_closure9'
Event: 52.889 Thread 0x000001b11723a6f0 Unloading class 0x000001b1199427d0 '_BuildScript_$_run_closure1$_closure8'
Event: 52.889 Thread 0x000001b11723a6f0 Unloading class 0x000001b1199423e8 '_BuildScript_$_run_closure1$_closure7'
Event: 52.889 Thread 0x000001b11723a6f0 Unloading class 0x000001b119942000 '_BuildScript_$_run_closure1$_closure6'
Event: 52.889 Thread 0x000001b11723a6f0 Unloading class 0x000001b119941bb8 '_BuildScript_$_run_closure1$_closure5'
Event: 52.889 Thread 0x000001b11723a6f0 Unloading class 0x000001b1199417d0 '_BuildScript_$_run_closure1$_closure4$_closure11'
Event: 52.889 Thread 0x000001b11723a6f0 Unloading class 0x000001b1199413e8 '_BuildScript_$_run_closure1$_closure4'
Event: 52.889 Thread 0x000001b11723a6f0 Unloading class 0x000001b119941000 '_BuildScript_$_run_closure1$_closure3$_closure10'
Event: 52.889 Thread 0x000001b11723a6f0 Unloading class 0x000001b119940920 '_BuildScript_$_run_closure1$_closure3'
Event: 52.889 Thread 0x000001b11723a6f0 Unloading class 0x000001b119940538 '_BuildScript_$_run_closure1'
Event: 52.889 Thread 0x000001b11723a6f0 Unloading class 0x000001b119940000 '_BuildScript_'
Event: 52.889 Thread 0x000001b11723a6f0 Unloading class 0x000001b119712538 '_BuildScript_$_run_closure1'
Event: 52.889 Thread 0x000001b11723a6f0 Unloading class 0x000001b119712000 '_BuildScript_'
Event: 52.889 Thread 0x000001b11723a6f0 Unloading class 0x000001b11970c000 '_BuildScript_'
Event: 56.042 Thread 0x000001b11723a6f0 Unloading class 0x000001b119c5d000 'java/lang/invoke/LambdaForm$DMH+0x000001b119c5d000'
Event: 56.042 Thread 0x000001b11723a6f0 Unloading class 0x000001b119c5cc00 'java/lang/invoke/LambdaForm$DMH+0x000001b119c5cc00'
Event: 56.042 Thread 0x000001b11723a6f0 Unloading class 0x000001b119c5c800 'java/lang/invoke/LambdaForm$DMH+0x000001b119c5c800'
Event: 56.042 Thread 0x000001b11723a6f0 Unloading class 0x000001b119c5c400 'java/lang/invoke/LambdaForm$DMH+0x000001b119c5c400'

Classes redefined (0 events):
No events

Internal exceptions (20 events):
Event: 154.426 Thread 0x000001b15e7ccd90 Exception <a 'sun/nio/fs/WindowsException'{0x0000000099bd0150}> (0x0000000099bd0150) 
thrown [s\open\src\hotspot\share\prims\jni.cpp, line 516]
Event: 154.426 Thread 0x000001b16029ca30 Exception <a 'sun/nio/fs/WindowsException'{0x0000000099bd0870}> (0x0000000099bd0870) 
thrown [s\open\src\hotspot\share\prims\jni.cpp, line 516]
Event: 154.428 Thread 0x000001b16029ca30 Exception <a 'sun/nio/fs/WindowsException'{0x0000000099a82d08}> (0x0000000099a82d08) 
thrown [s\open\src\hotspot\share\prims\jni.cpp, line 516]
Event: 154.431 Thread 0x000001b16029ca30 Exception <a 'sun/nio/fs/WindowsException'{0x0000000099900260}> (0x0000000099900260) 
thrown [s\open\src\hotspot\share\prims\jni.cpp, line 516]
Event: 154.434 Thread 0x000001b16029ca30 Exception <a 'sun/nio/fs/WindowsException'{0x0000000099800258}> (0x0000000099800258) 
thrown [s\open\src\hotspot\share\prims\jni.cpp, line 516]
Event: 154.438 Thread 0x000001b16029ca30 Exception <a 'sun/nio/fs/WindowsException'{0x00000000997002a8}> (0x00000000997002a8) 
thrown [s\open\src\hotspot\share\prims\jni.cpp, line 516]
Event: 154.795 Thread 0x000001b16029ca30 Exception <a 'sun/nio/fs/WindowsException'{0x000000009f90bd40}> (0x000000009f90bd40) 
thrown [s\open\src\hotspot\share\prims\jni.cpp, line 516]
Event: 154.964 Thread 0x000001b16029ca30 Exception <a 'sun/nio/fs/WindowsException'{0x000000009ed80d58}> (0x000000009ed80d58) 
thrown [s\open\src\hotspot\share\prims\jni.cpp, line 516]
Event: 154.978 Thread 0x000001b16029ca30 Exception <a 'sun/nio/fs/WindowsException'{0x000000009ec72620}> (0x000000009ec72620) 
thrown [s\open\src\hotspot\share\prims\jni.cpp, line 516]
Event: 154.980 Thread 0x000001b16029ca30 Exception <a 'sun/nio/fs/WindowsException'{0x000000009ec75878}> (0x000000009ec75878) 
thrown [s\open\src\hotspot\share\prims\jni.cpp, line 516]
Event: 154.996 Thread 0x000001b16029ca30 Exception <a 'sun/nio/fs/WindowsException'{0x000000009eb884d8}> (0x000000009eb884d8) 
thrown [s\open\src\hotspot\share\prims\jni.cpp, line 516]
Event: 154.999 Thread 0x000001b16029ca30 Exception <a 'sun/nio/fs/WindowsException'{0x000000009ea02db0}> (0x000000009ea02db0) 
thrown [s\open\src\hotspot\share\prims\jni.cpp, line 516]
Event: 155.005 Thread 0x000001b16029ca30 Exception <a 'sun/nio/fs/WindowsException'{0x000000009ea06040}> (0x000000009ea06040) 
thrown [s\open\src\hotspot\share\prims\jni.cpp, line 516]
Event: 155.007 Thread 0x000001b16029ca30 Exception <a 'sun/nio/fs/WindowsException'{0x000000009eaf8e30}> (0x000000009eaf8e30) 
thrown [s\open\src\hotspot\share\prims\jni.cpp, line 516]
Event: 155.019 Thread 0x000001b16029ca30 Exception <a 'sun/nio/fs/WindowsException'{0x000000009e8f3d40}> (0x000000009e8f3d40) 
thrown [s\open\src\hotspot\share\prims\jni.cpp, line 516]
Event: 155.025 Thread 0x000001b16029ca30 Exception <a 'sun/nio/fs/WindowsException'{0x000000009e6728b0}> (0x000000009e6728b0) 
thrown [s\open\src\hotspot\share\prims\jni.cpp, line 516]
Event: 155.030 Thread 0x000001b16029ca30 Exception <a 'sun/nio/fs/WindowsException'{0x000000009e5f8ba0}> (0x000000009e5f8ba0) 
thrown [s\open\src\hotspot\share\prims\jni.cpp, line 516]
Event: 155.035 Thread 0x000001b16029ca30 Exception <a 'sun/nio/fs/WindowsException'{0x000000009e482d68}> (0x000000009e482d68) 
thrown [s\open\src\hotspot\share\prims\jni.cpp, line 516]
Event: 155.037 Thread 0x000001b16029ca30 Exception <a 'sun/nio/fs/WindowsException'{0x000000009e48e000}> (0x000000009e48e000) 
thrown [s\open\src\hotspot\share\prims\jni.cpp, line 516]
Event: 155.052 Thread 0x000001b16029ca30 Exception <a 'sun/nio/fs/WindowsException'{0x000000009e48f460}> (0x000000009e48f460) 
thrown [s\open\src\hotspot\share\prims\jni.cpp, line 516]

VM Operations (20 events):
Event: 149.664 Executing VM operation: G1CollectForAllocation
Event: 149.706 Executing VM operation: G1CollectForAllocation done
Event: 150.043 Executing VM operation: HandshakeAllThreads
Event: 150.207 Executing VM operation: HandshakeAllThreads done
Event: 150.469 Executing VM operation: G1CollectForAllocation
Event: 150.534 Executing VM operation: G1CollectForAllocation done
Event: 150.760 Executing VM operation: HandshakeAllThreads
Event: 150.847 Executing VM operation: HandshakeAllThreads done
Event: 151.741 Executing VM operation: G1CollectForAllocation
Event: 151.782 Executing VM operation: G1CollectForAllocation done
Event: 152.453 Executing VM operation: G1CollectForAllocation
Event: 152.508 Executing VM operation: G1CollectForAllocation done
Event: 153.510 Executing VM operation: Cleanup
Event: 153.648 Executing VM operation: Cleanup done
Event: 153.650 Executing VM operation: G1CollectForAllocation
Event: 153.682 Executing VM operation: G1CollectForAllocation done
Event: 154.288 Executing VM operation: HandshakeAllThreads
Event: 154.523 Executing VM operation: HandshakeAllThreads done
Event: 154.523 Executing VM operation: G1CollectForAllocation
Event: 154.615 Executing VM operation: G1CollectForAllocation done

Events (20 events):
Event: 154.624 Thread 0x000001b117263690 flushing nmethod 0x000001b109ca1410
Event: 154.625 Thread 0x000001b117263690 flushing nmethod 0x000001b109d70210
Event: 154.626 Thread 0x000001b117263690 flushing nmethod 0x000001b109e2f910
Event: 154.627 Thread 0x000001b117263690 flushing nmethod 0x000001b109e4e110
Event: 154.627 Thread 0x000001b117263690 flushing nmethod 0x000001b109e5d390
Event: 154.627 Thread 0x000001b117263690 flushing nmethod 0x000001b109e99f10
Event: 154.627 Thread 0x000001b117263690 flushing nmethod 0x000001b109e9a590
Event: 154.627 Thread 0x000001b117263690 flushing nmethod 0x000001b109eb7990
Event: 154.627 Thread 0x000001b117263690 flushing nmethod 0x000001b109eba910
Event: 154.627 Thread 0x000001b117263690 flushing nmethod 0x000001b109ee3790
Event: 154.627 Thread 0x000001b117263690 flushing nmethod 0x000001b109ee8f90
Event: 154.628 Thread 0x000001b117263690 flushing nmethod 0x000001b109f14190
Event: 154.628 Thread 0x000001b117263690 flushing nmethod 0x000001b109f15b90
Event: 154.628 Thread 0x000001b117263690 flushing nmethod 0x000001b109f1e090
Event: 154.629 Thread 0x000001b117263690 flushing nmethod 0x000001b109f7f190
Event: 154.629 Thread 0x000001b117263690 flushing nmethod 0x000001b109f7f610
Event: 154.629 Thread 0x000001b117263690 flushing nmethod 0x000001b109f82c90
Event: 154.629 Thread 0x000001b117263690 flushing nmethod 0x000001b109f83110
Event: 154.629 Thread 0x000001b117263690 flushing nmethod 0x000001b109f8ad10
Event: 154.629 Thread 0x000001b117263690 flushing nmethod 0x000001b109f92010


Dynamic libraries:
0x00007ff616c70000 - 0x00007ff616c80000 	C:\Program Files\Java\jdk-17\bin\java.exe
0x00007ffd729f0000 - 0x00007ffd72be8000 	C:\Windows\SYSTEM32\ntdll.dll
0x00007ffd70ca0000 - 0x00007ffd70d62000 	C:\Windows\System32\KERNEL32.DLL
0x00007ffd704e0000 - 0x00007ffd707d6000 	C:\Windows\System32\KERNELBASE.dll
0x00007ffd703e0000 - 0x00007ffd704e0000 	C:\Windows\System32\ucrtbase.dll
0x00007ffd3da50000 - 0x00007ffd3da69000 	C:\Program Files\Java\jdk-17\bin\jli.dll
0x00007ffd3d200000 - 0x00007ffd3d21b000 	C:\Program Files\Java\jdk-17\bin\VCRUNTIME140.dll
0x00007ffd72120000 - 0x00007ffd721cf000 	C:\Windows\System32\ADVAPI32.dll
0x00007ffd726d0000 - 0x00007ffd7276e000 	C:\Windows\System32\msvcrt.dll
0x00007ffd71640000 - 0x00007ffd716df000 	C:\Windows\System32\sechost.dll
0x00007ffd71930000 - 0x00007ffd71a53000 	C:\Windows\System32\RPCRT4.dll
0x00007ffd701e0000 - 0x00007ffd70207000 	C:\Windows\System32\bcrypt.dll
0x00007ffd71790000 - 0x00007ffd7192d000 	C:\Windows\System32\USER32.dll
0x00007ffd70900000 - 0x00007ffd70922000 	C:\Windows\System32\win32u.dll
0x00007ffd72770000 - 0x00007ffd7279b000 	C:\Windows\System32\GDI32.dll
0x00007ffd5ce20000 - 0x00007ffd5d0ba000 	C:\Windows\WinSxS\amd64_microsoft.windows.common-controls_6595b64144ccf1df_6.0.19041.4355_none_60b8b9eb71f62e16\COMCTL32.dll
0x00007ffd70210000 - 0x00007ffd7032a000 	C:\Windows\System32\gdi32full.dll
0x00007ffd70860000 - 0x00007ffd708fd000 	C:\Windows\System32\msvcp_win.dll
0x00007ffd6a780000 - 0x00007ffd6a78a000 	C:\Windows\SYSTEM32\VERSION.dll
0x00007ffd71610000 - 0x00007ffd7163f000 	C:\Windows\System32\IMM32.DLL
0x00007ffd3da40000 - 0x00007ffd3da4c000 	C:\Program Files\Java\jdk-17\bin\vcruntime140_1.dll
0x00007ffd3cfd0000 - 0x00007ffd3d05e000 	C:\Program Files\Java\jdk-17\bin\msvcp140.dll
0x00007ffd3c3f0000 - 0x00007ffd3cfd0000 	C:\Program Files\Java\jdk-17\bin\server\jvm.dll
0x00007ffd728c0000 - 0x00007ffd728c8000 	C:\Windows\System32\PSAPI.DLL
0x00007ffd3c3e0000 - 0x00007ffd3c3e9000 	C:\Windows\SYSTEM32\WSOCK32.dll
0x00007ffd70dd0000 - 0x00007ffd70e3b000 	C:\Windows\System32\WS2_32.dll
0x00007ffd5c9e0000 - 0x00007ffd5ca07000 	C:\Windows\SYSTEM32\WINMM.dll
0x00007ffd6df00000 - 0x00007ffd6df12000 	C:\Windows\SYSTEM32\kernel.appcore.dll
0x00007ffd3c3d0000 - 0x00007ffd3c3da000 	C:\Program Files\Java\jdk-17\bin\jimage.dll
0x00007ffd5fac0000 - 0x00007ffd5fca4000 	C:\Windows\SYSTEM32\DBGHELP.DLL
0x00007ffd57a70000 - 0x00007ffd57aa4000 	C:\Windows\SYSTEM32\dbgcore.DLL
0x00007ffd70930000 - 0x00007ffd709b2000 	C:\Windows\System32\bcryptPrimitives.dll
0x00007ffd3c370000 - 0x00007ffd3c395000 	C:\Program Files\Java\jdk-17\bin\java.dll
0x00007ffd3c030000 - 0x00007ffd3c107000 	C:\Program Files\Java\jdk-17\bin\jsvml.dll
0x00007ffd70e40000 - 0x00007ffd715af000 	C:\Windows\System32\SHELL32.dll
0x00007ffd6e100000 - 0x00007ffd6e8a3000 	C:\Windows\SYSTEM32\windows.storage.dll
0x00007ffd71c10000 - 0x00007ffd71f65000 	C:\Windows\System32\combase.dll
0x00007ffd6fab0000 - 0x00007ffd6fadb000 	C:\Windows\SYSTEM32\Wldp.dll
0x00007ffd70bd0000 - 0x00007ffd70c9d000 	C:\Windows\System32\OLEAUT32.dll
0x00007ffd72010000 - 0x00007ffd720bd000 	C:\Windows\System32\SHCORE.dll
0x00007ffd720c0000 - 0x00007ffd72115000 	C:\Windows\System32\shlwapi.dll
0x00007ffd6ffb0000 - 0x00007ffd6ffd5000 	C:\Windows\SYSTEM32\profapi.dll
0x00007ffd3bf20000 - 0x00007ffd3bf39000 	C:\Program Files\Java\jdk-17\bin\net.dll
0x00007ffd68b30000 - 0x00007ffd68c3a000 	C:\Windows\SYSTEM32\WINHTTP.dll
0x00007ffd6f7a0000 - 0x00007ffd6f80c000 	C:\Windows\system32\mswsock.dll
0x00007ffd3bf00000 - 0x00007ffd3bf16000 	C:\Program Files\Java\jdk-17\bin\nio.dll
0x00007ffd3bee0000 - 0x00007ffd3bef8000 	C:\Program Files\Java\jdk-17\bin\zip.dll
0x00007ffd5d240000 - 0x00007ffd5d250000 	C:\Program Files\Java\jdk-17\bin\verify.dll
0x00007ffd38350000 - 0x00007ffd38377000 	C:\Users\Morsi Store DZ\.gradle\native\e1d6ef7f7dcc3fd88c89a11ec53ec762bb8ba0a96d01ffa2cd45eb1d1d8dd5c5\windows-amd64\native-platform.dll
0x00007ffd2bc00000 - 0x00007ffd2bd44000 	C:\Users\Morsi Store DZ\.gradle\native\0d407fdbe67a94daf76414ababcb853783967236a71b16ec16e742cd7a986fd3\windows-amd64\native-platform-file-events.dll
0x00007ffd5d1f0000 - 0x00007ffd5d1fa000 	C:\Program Files\Java\jdk-17\bin\management.dll
0x00007ffd3bfd0000 - 0x00007ffd3bfdb000 	C:\Program Files\Java\jdk-17\bin\management_ext.dll
0x00007ffd6f990000 - 0x00007ffd6f9a8000 	C:\Windows\SYSTEM32\CRYPTSP.dll
0x00007ffd6f060000 - 0x00007ffd6f098000 	C:\Windows\system32\rsaenh.dll
0x00007ffd6ff30000 - 0x00007ffd6ff5e000 	C:\Windows\SYSTEM32\USERENV.dll
0x00007ffd6f9b0000 - 0x00007ffd6f9bc000 	C:\Windows\SYSTEM32\CRYPTBASE.dll
0x00007ffd6f420000 - 0x00007ffd6f45b000 	C:\Windows\SYSTEM32\IPHLPAPI.DLL
0x00007ffd70a10000 - 0x00007ffd70a18000 	C:\Windows\System32\NSI.dll
0x00007ffd6a760000 - 0x00007ffd6a777000 	C:\Windows\SYSTEM32\dhcpcsvc6.DLL
0x00007ffd6a710000 - 0x00007ffd6a72d000 	C:\Windows\SYSTEM32\dhcpcsvc.DLL
0x00007ffd6f460000 - 0x00007ffd6f52a000 	C:\Windows\SYSTEM32\DNSAPI.dll
0x00007ffd5d230000 - 0x00007ffd5d23e000 	C:\Program Files\Java\jdk-17\bin\sunmscapi.dll
0x00007ffd70080000 - 0x00007ffd701dd000 	C:\Windows\System32\CRYPT32.dll
0x00007ffd6fb20000 - 0x00007ffd6fb47000 	C:\Windows\SYSTEM32\ncrypt.dll
0x00007ffd6fae0000 - 0x00007ffd6fb1b000 	C:\Windows\SYSTEM32\NTASN1.dll
0x00007ffd5d200000 - 0x00007ffd5d207000 	C:\Windows\system32\wshunix.dll
0x0000000063560000 - 0x0000000063569000 	C:\Program Files\National Instruments\Shared\mDNS Responder\nimdnsNSP.dll
0x00000000765e0000 - 0x0000000076683000 	C:\Windows\WinSxS\amd64_microsoft.vc90.crt_1fc8b3b9a1e18e3b_9.0.30729.9625_none_08e1c10da83fbc83\MSVCR90.dll
0x0000000063550000 - 0x000000006355e000 	C:\Windows\SYSTEM32\nimdnsResponder.dll
0x00007ffd67810000 - 0x00007ffd6781a000 	C:\Windows\System32\rasadhlp.dll
0x00007ffd66c40000 - 0x00007ffd66cc0000 	C:\Windows\System32\fwpuclnt.dll
0x00007ffd51810000 - 0x00007ffd51827000 	C:\Windows\system32\napinsp.dll
0x00007ffd517f0000 - 0x00007ffd5180b000 	C:\Windows\system32\pnrpnsp.dll
0x00007ffd5c910000 - 0x00007ffd5c925000 	C:\Windows\system32\wshbth.dll
0x00007ffd6c050000 - 0x00007ffd6c06d000 	C:\Windows\system32\NLAapi.dll
0x00007ffd51490000 - 0x00007ffd514a2000 	C:\Windows\System32\winrnr.dll
0x00007ffd58d50000 - 0x00007ffd58d6e000 	C:\Users\Morsi Store DZ\AppData\Local\Temp\native-platform13800585623252531484dir\native-platform.dll

dbghelp: loaded successfully - version: 4.0.5 - missing functions: none
symbol engine: initialized successfully - sym options: 0x614 - pdb path: .;C:\Program Files\Java\jdk-17\bin;C:\Windows\SYSTEM32;C:\Windows\WinSxS\amd64_microsoft.windows.common-controls_6595b64144ccf1df_6.0.19041.4355_none_60b8b9eb71f62e16;C:\Program Files\Java\jdk-17\bin\server;C:\Users\Morsi Store DZ\.gradle\native\e1d6ef7f7dcc3fd88c89a11ec53ec762bb8ba0a96d01ffa2cd45eb1d1d8dd5c5\windows-amd64;C:\Users\Morsi Store DZ\.gradle\native\0d407fdbe67a94daf76414ababcb853783967236a71b16ec16e742cd7a986fd3\windows-amd64;C:\Program Files\National Instruments\Shared\mDNS Responder;C:\Windows\WinSxS\amd64_microsoft.vc90.crt_1fc8b3b9a1e18e3b_9.0.30729.9625_none_08e1c10da83fbc83;C:\Users\Morsi Store DZ\AppData\Local\Temp\native-platform13800585623252531484dir

VM Arguments:
jvm_args: --add-opens=java.base/java.util=ALL-UNNAMED --add-opens=java.base/java.lang=ALL-UNNAMED --add-opens=java.base/java.lang.invoke=ALL-UNNAMED --add-opens=java.base/java.util=ALL-UNNAMED --add-opens=java.prefs/java.util.prefs=ALL-UNNAMED --add-opens=java.prefs/java.util.prefs=ALL-UNNAMED --add-opens=java.base/java.nio.charset=ALL-UNNAMED --add-opens=java.base/java.net=ALL-UNNAMED --add-opens=java.base/java.util.concurrent.atomic=ALL-UNNAMED -Xmx2048m -Dfile.encoding=UTF-8 -Duser.country=FR -Duser.language=fr -Duser.variant 
java_command: org.gradle.launcher.daemon.bootstrap.GradleDaemon 7.5
java_class_path (initial): C:\Users\Morsi Store DZ\.gradle\wrapper\dists\gradle-7.5-bin\f1w0cc9nuo0eivz97x2xlu9sv\gradle-7.5\lib\gradle-launcher-7.5.jar
Launcher Type: SUN_STANDARD

[Global flags]
     intx CICompilerCount                          = 4                                         {product} {ergonomic}
     uint ConcGCThreads                            = 2                                         {product} {ergonomic}
     uint G1ConcRefinementThreads                  = 8                                         {product} {ergonomic}
   size_t G1HeapRegionSize                         = 1048576                                   {product} {ergonomic}
    uintx GCDrainStackTargetSize                   = 64                                        {product} {ergonomic}
   size_t InitialHeapSize                          = 266338304                                 {product} {ergonomic}
   size_t MarkStackSize                            = 4194304                                   {product} {ergonomic}
   size_t MaxHeapSize                              = 2147483648                                {product} {command line}
   size_t MaxNewSize                               = 1287651328                                {product} {ergonomic}
   size_t MinHeapDeltaBytes                        = 1048576                                   {product} {ergonomic}
   size_t MinHeapSize                              = 8388608                                   {product} {ergonomic}
    uintx NonNMethodCodeHeapSize                   = 5839372                                {pd product} {ergonomic}
    uintx NonProfiledCodeHeapSize                  = 122909434                              {pd product} {ergonomic}
    uintx ProfiledCodeHeapSize                     = 122909434                              {pd product} {ergonomic}
    uintx ReservedCodeCacheSize                    = 251658240                              {pd product} {ergonomic}
     bool SegmentedCodeCache                       = true                                      {product} {ergonomic}
   size_t SoftMaxHeapSize                          = 2147483648                             {manageable} {ergonomic}
     bool UseCompressedClassPointers               = true                           {product lp64_product} {ergonomic}
     bool UseCompressedOops                        = true                           {product lp64_product} {ergonomic}
     bool UseG1GC                                  = true                                      {product} {ergonomic}
     bool UseLargePagesIndividualAllocation        = false                                  {pd product} {ergonomic}

Logging:
Log output configuration:
 #0: stdout all=warning uptime,level,tags
 #1: stderr all=off uptime,level,tags

Environment Variables:
JAVA_HOME=C:\Program Files\Java\jdk-17
PATH=C:\Python313\Scripts\;C:\Python313\;D:\Python 3.11\Scripts\;D:\Python 3.11\;C:\Program Files (x86)\Common Files\Intel\Shared Libraries\redist\intel64\compiler;C:\Program Files\Java\jdk-17\bin;C:\Program Files\Common Files\Oracle\Java\javapath;C:\Program Files (x86)\Common Files\Oracle\Java\javapath;C:\Windows\system32;C:\Windows;C:\Windows\System32\Wbem;C:\Windows\System32\WindowsPowerShell\v1.0\;C:\Windows\System32\OpenSSH\;C:\Program Files\dotnet\;C:\Program Files\Microsoft SQL Server\130\Tools\Binn\;C:\Program Files\Microsoft SQL Server\Client SDK\ODBC\170\Tools\Binn\;C:\Program Files (x86)\Common Files\Oracle\Java\javapath;C:\Gradle\gradle-8.1.1\bin;C:\Kotlinc\kotlinc\bin;C:\Program Files\nodejs;C:\Users\Morsi Store DZ\edgedriver_win64;C:\Program Files\MariaDB 11.4\bin;C:\Program Files (x86)\php-8.3.9;C:\ProgramData\ComposerSetup\bin;C:\Users\Morsi Store DZ\AppData\Roaming\npm\;C:\Program Files\PuTTY\;C:\Program Files\sonar-scanner-4.6.1.2450-windows\bin;C:\Program Files\Git\cmd;C:\Users\Morsi Store DZ\AppData\Local\Android\Sdk\platform-tools\;C:\Program Files\nodejs\;C:\ProgramData\chocolatey\bin;C:\Program Files\MySQL\MySQL Shell 8.0\bin\;C:\;C:\Users\Morsi Store DZ\AppData\Local\Programs\Microsoft VS Code\bin;C:\Users\Morsi Store DZ\AppData\Roaming\Composer\vendor\bin;C:\Program Files\JetBrains\IntelliJ IDEA 2024.2.3\bin;;C:\Program Files\JetBrains\IntelliJ IDEA Community Edition 2024.2.3\bin;;C:\msys64\ucrt64\bin;C:\edgedriver_win64;C:\Users\Morsi Store DZ\AppData\Roaming\npm
USERNAME=Nobody
OS=Windows_NT
PROCESSOR_IDENTIFIER=Intel64 Family 6 Model 142 Stepping 12, GenuineIntel



---------------  S Y S T E M  ---------------

OS:
 Windows 10 , 64 bit Build 19041 (10.0.19041.5678)
OS uptime: 8 days 6:05 hours

CPU: total 8 (initial active 8) (4 cores per cpu, 2 threads per core) family 6 model 142 stepping 12 microcode 0xd6, cx8, cmov, fxsr, ht, mmx, 3dnowpref, sse, sse2, sse3, ssse3, sse4.1, sse4.2, popcnt, lzcnt, tsc, tscinvbit, avx, avx2, aes, erms, clmul, bmi1, bmi2, adx, fma, vzeroupper, clflush, clflushopt

Memory: 4k page, system-wide physical 16157M (454M free)
TotalPageFile size 24887M (AvailPageFile size 8M)
current process WorkingSet (physical memory assigned to process): 1051M, peak: 1053M
current process commit charge ("private bytes"): 1127M, peak: 1130M

vm_info: Java HotSpot(TM) 64-Bit Server VM (17.0.12+8-LTS-286) for windows-amd64 JRE (17.0.12+8-LTS-286), built on Jun  5 2024 06:46:59 by "mach5one" with MS VC++ 17.6 (VS2022)

END.
